唯一键,监管文件编号,文件名称,发文字号,文件指纹,登记时间
保监消保2017265,RFN-5cd130f376ba34d9,关于落实《保险销售行为可回溯管理暂行办法》有关事项的通知,保监消保〔2017〕265号,,2026-08-26 21:13:35
MD5:575012526a42fb1af737336ff961ce78,RFN-0a354aa38c08bc67,中华人民共和国个人信息保护法,,575012526a42fb1af737336ff961ce78,2026-08-26 21:13:35
MD5:7b8fcd1bc348b0fbefe22ac8747f1e05,RFN-74a3e0f2c57f7302,中华人民共和国广告法,,7b8fcd1bc348b0fbefe22ac8747f1e05,2026-08-26 21:13:35
MD5:20a16acd16d843ab5dde33cb82758813,RFN-043b3b9f875acdaf,中华人民共和国数据安全法,,20a16acd16d843ab5dde33cb82758813,2026-08-26 21:13:35
国办发201581,RFN-5f0f7ab9a050cd56,国务院办公厅关于加强金融消费者权益保护工作的指导意见,国办发〔2015〕81号,,2026-08-26 21:13:35
银监办发2008274,RFN-600b25ea909a0d88,中国银监会办公厅关于商业银行开展代理销售基金和保险产品相关业务风险提示的通知,银监办发〔2008〕274号,13b478a906d7ab9c67a12e4721646a0003d9a5293e91f9890a4110a7ba8515e4,2026-08-27 17:50:20
测试发20261,RFN-344cac5f135b22be,来源标记测试文件,测试发〔2026〕1号,,2026-08-28 19:15:15
MD5:78c2352a23968ee5e08572e9f897056a,RFN-a3cd627cf001d29f,中国银保监会2022年规章立法工作计划,N/A,,2026-08-29 04:27:32
保监资金2016104,RFN-bc833e59561e17f2,中国保监会关于加强组合类保险资产管理产品业务监管的通知,保监资金〔2016〕104号,,2026-08-29 04:27:32
保监发201524,RFN-f067602094af5b93,中国保监会关于保险资产管理产品风险责任人有关事项的通知,保监发〔2015〕24号,,2026-08-29 04:27:32
保监发200042,RFN-f52a53c26da1588a,人身保险公司保险条款和保险费率管理办法,保监发〔2000〕42号,,2026-08-29 04:27:32
保监发200959,RFN-1011cd4b926d9c63,关于进一步扩大农村小额人身保险试点的通知,保监发〔2009〕59号,,2026-08-29 04:27:32
保监发200847,RFN-224a51c406448328,关于印发《农村小额人身保险试点方案》的通知,保监发〔2008〕47号,,2026-08-29 04:27:32
保监发200843,RFN-251d4f272a4388ea,关于人身保险产品税收宣传有关事项的通知（已废止）,保监发〔2008〕43号,,2026-08-29 04:27:32
MD5:8a2456ce3d15e3dd75f7ac6ddb45b8f2,RFN-597cce52d6ec9560,关于对取得国外精算师资格的拟任总精算师进行考核的通知（已失效）,N/A,,2026-08-29 04:27:32
保监发200792,RFN-e148bbd7c66d00bf,关于加强保险中介业务管理防范保险诈骗的通知（已失效）,保监发〔2007〕92号,,2026-08-29 04:27:32
保监发200636,RFN-6d1414017a5fe7d6,关于对人身保险条款及费率进行自查自纠的通知（已失效）,保监发〔2006〕36号,,2026-08-29 04:27:32
保监统信2006264,RFN-0d0e35388992d940,关于启用保险稽核软件系统的通知（已失效）,保监统信〔2006〕264号,,2026-08-29 04:27:32
保监发200620,RFN-ab555a753eb70714,关于防范利用保险进行诈骗的通知（已废止）,保监发〔2006〕20号,,2026-08-29 04:27:32
保监财会20051173,RFN-c5f6136678718632,关于提取资本保证金的批复,保监财会〔2005〕1173号,,2026-08-29 04:27:32
保监厅函2005227,RFN-383fc385412254ec,关于铁路旅客意外伤害强制保险的复函,保监厅函〔2005〕227号,,2026-08-29 04:27:32
保监发200562,RFN-dcff50c66c932098,关于规范团体保险经营行为有关问题的通知,保监发〔2005〕62号,,2026-08-29 04:27:32
保监发200429,RFN-30db7bb8ad56799b,关于严禁协助境外保险公司推销地下保单有关问题的通知,保监发〔2004〕29号,,2026-08-29 04:27:32
保监发2003119,RFN-0e7ea628db199ba9,关于警惕和防范非法保险经营行为和保险诈骗活动的紧急通知（已废止）,保监发〔2003〕119号,,2026-08-29 04:27:32
保监办发200214,RFN-f6400e9a60d05a69,关于印发我国加入WTO法律文件有关保险业内容的通知,保监办发〔2002〕14号,,2026-08-29 04:27:32
保监发2002134,RFN-db5013179a2ae3be,关于加强航空意外保险规范管理有关问题的通知（已废止）,保监发〔2002〕134号,,2026-08-29 04:27:32
保监函2002119,RFN-cf85f0dc63c22f2f,关于在兼业代理网点销售人身保险新型产品的批复,保监函〔2002〕119号,,2026-08-29 04:27:32
保监发200183,RFN-70ba4bc78d6148b7,关于人寿保险公司报送人身保险业务季度分析有关情况的通知,保监发[2001]83号,,2026-08-29 04:27:33
保监寿200019,RFN-0cac56cb6ca84165,关于建立分红保险、投资连接保险报告制度的批复,保监寿[2000]19号,,2026-08-29 04:27:33
保监复1999168,RFN-1fde854770f62ca5,关于保险条款中有关违法犯罪行为作为除外责任含义的批复,保监复[1999]168号,,2026-08-29 04:27:33
保监厅发200450,RFN-0cfbb1fed4a02f5f,关于调整保险代理从业人员基本资格考试有关事项的通知（已失效）,保监厅发〔2004〕50号,,2026-08-29 04:27:33
保监办函2003227,RFN-30290a24b798f004,关于保险公司分支机构相互代理保险业务有关问题的复函,保监办函〔2003〕227号,,2026-08-29 04:27:33
保监发199957,RFN-78973110e538451c,关于人身保险产品宣传有关问题的通知（已失效）,保监发[1999]57号,,2026-08-29 04:27:33
保监发200181,RFN-12c808c0aa98c712,关于印发保险机构许可证编码方案的通知,保监发[2001]81号,,2026-08-29 04:27:33
保监复1999256,RFN-1875a1d068ecadf9,关于索赔期限有关问题的批复,保监复[1999]256号,,2026-08-29 04:27:33
保监统信20051055,RFN-28fa90ee667b8e96,关于在保险行业内发布部分保险统计汇总数据的通知（已废止）,保监统信〔2005〕1055号,,2026-08-29 04:27:33
保监中介20051035,RFN-6556e0d430a80454,关于保险公司代理销售企业年金有关问题的函,保监中介〔2005〕1035号,,2026-08-29 04:27:33
保监厅函2005199,RFN-d54da4b489cc13c6,关于保险公司员工非正常购买保险行为定性问题的复函,保监厅函〔2005〕199号,,2026-08-29 04:27:33
保监发200595,RFN-3a158f66a8d6e6b6,关于完善保险业参与新型农村合作医疗试点工作的若干指导意见（已废止）,保监发〔2005〕95号,,2026-08-29 04:27:33
保监财会2005877,RFN-b0f7df910c31db95,关于提取资本保证金的批复,保监财会〔2005〕877号,,2026-08-29 04:27:33
保监财会2005868,RFN-bfa7525047bb4233,关于招商信诺人寿保险有限公司资本保证金处置的批复,保监财会〔2005〕868号,,2026-08-29 04:27:33
保监寿险2005867,RFN-89617aa386e8aaf9,关于投资连结型团体年金保险、万能型团体年金保险风险保额有关问题的批复,保监寿险〔2005〕867号,,2026-08-29 04:27:33
保监厅发200577,RFN-1d8012044cbd535b,关于做好保险稽核系统接口程序准备工作的通知（已失效）,保监厅发〔2005〕77号,,2026-08-29 04:27:33
保监厅函2004194,RFN-f823e15885305b69,关于一年期以上人身保险业务不宜征收地方教育发展费的复函,保监厅函〔2004〕194号,,2026-08-29 04:27:33
保监发200050,RFN-5cc9c04602c81f26,关于印发《长期健康险法定分保条件》的通知,保监发[2000]50号,,2026-08-29 04:27:33
保监发200029,RFN-66248391c74d74e7,关于印发《人身险法定分保条件实施细则》的通知,保监发[2000]29号,,2026-08-29 04:27:33
银发2018301,RFN-0660a162ce940799,中国人民银行 国家金融监督管理总局关于印发《系统重要性保险公司评估办法》的通知（银发〔2023〕208号）,银发〔2018〕301号,,2026-08-29 04:27:33
中华人民共和国国务院令第822,RFN-f916174f1bc87898,森林草原防灭火条例,中华人民共和国国务院令第822号,,2026-08-29 04:27:34
财政部税务总局公告2026年第10,RFN-d9c806f538c7459e,关于增值税法施行后增值税优惠政策衔接事项的公告,财政部 税务总局公告2026年第10号,,2026-08-29 04:27:34
财政部税务总局公告2026年第9,RFN-066a224049dcdc3c,关于增值税征税具体范围有关事项的公告,财政部 税务总局公告2026年第9号,,2026-08-29 04:27:34
金规202522,RFN-cd2607bcb3975e8c,国家金融监督管理总局关于部分规范性文件废止和宣布失效的通知,金规[2025]22号,,2026-08-29 04:27:34
金发202411,RFN-319734397c70c567,国家金融监督管理总局关于银行业保险业做好金融“五篇大文章”的指导意见,金发[2024]11号,,2026-08-29 04:27:34
金规20233,RFN-37efb918591eff7f,国家金融监督管理总局 人力资源社会保障部关于印发精算师职业资格规定和精算师职业资格考试实施办法的通知,金规[2023]3号,,2026-08-29 04:27:34
银保监办发202311,RFN-02a4b14ceb0df951,中国银保监会办公厅关于印发银行业保险业贯彻落实《国务院关于支持山东深化新旧动能转换推动绿色低碳高质量发展的意见》实施意见的通知,银保监办发[2023]11号,,2026-08-29 04:27:34
银保监发202211,RFN-880a34fa8a87cd4a,中国银保监会关于印发保险业标准化“十四五”规划的通知,银保监发[2022]11号,,2026-08-29 04:27:34
银保监办发202235,RFN-8d93a321dad29046,中国银保监会办公厅关于2022年银行业保险业服务全面推进乡村振兴重点工作的通知,银保监办发[2022]35号,,2026-08-29 04:27:34
MD5:6cc8a9724218bc03a0f97550e7267f2f,RFN-1a58e6f945058610,中国银保监会关于修改《中华人民共和国外资保险公司管理条例实施细则》的决定,N/A,,2026-08-29 04:27:34
银保监办发202028,RFN-0f42203bec02632a,中国银保监会办公厅关于加强产业链协同复工复产金融服务的通知,银保监办发[2020]28号,,2026-08-29 04:27:34
银保监发20204,RFN-efa0f809bf932c9e,中国银保监会 发展改革委 教育部 民政部 司法部 财政部 人力资源社会保障部 自然资源部 住房城乡建设部 商务部 卫生健康委 税务总局 医保局关于促进社会服务领域商业保险发展的意见,银保监发[2020]4号,,2026-08-29 04:27:34
中国银行保险监督管理委员会令20194,RFN-b53296b4adf450b5,中华人民共和国外资保险公司管理条例实施细则,中国银行保险监督管理委员会令[2019]4号,,2026-08-29 04:27:34
保监发20189,RFN-f9179729195a004b,中国保监会关于印发《打赢保险业防范化解重大风险攻坚战的总体方案》的通知,保监发〔2018〕9号,,2026-08-29 04:27:34
保监统信2017274,RFN-9c7558e2640f5f38,中国保监会关于印发《保险扶贫统计制度（试行）》的通知,保监统信〔2017〕274号,,2026-08-29 04:27:34
保监人身险2017209,RFN-3892677cdf5d7ecc,中国保监会办公厅关于启动中国保险业保单登记管理信息平台第三期建设的通知,保监人身险〔2017〕209号,,2026-08-29 04:27:34
MD5:ee15a162d79eef5c6ddf559a55f874b4,RFN-afb646fee1fa0c25,国家税务总局 财政部 中国人民银行 银监会 证监会 保监会关于发布《非居民金融账户涉税信息尽职调查管理办法》的公告,N/A,,2026-08-29 04:27:34
保监发201738,RFN-b79fa64e25fb0507,中国保监会关于保险业服务“一带一路”建设的指导意见,保监发〔2017〕38号,,2026-08-29 04:27:34
保监发201674,RFN-8d034d52a8baa74e,中国保监会关于印发《中国保险业发展“十三五”规划纲要》的通知,保监发〔2016〕74号,,2026-08-29 04:27:35
保监发201673,RFN-209a68b6d192b73d,中国保监会关于印发《中国保险业标准化“十三五”规划》的通知,保监发〔2016〕73号,,2026-08-29 04:27:35
保监发201644,RFN-b9704a30ab4640f6,中国保监会 国务院扶贫开发领导小组办公室关于做好保险业助推脱贫攻坚工作的意见,保监发〔2016〕44号,,2026-08-29 04:27:35
保监中介201644,RFN-979909a99a339372,关于银行类保险兼业代理机构行政许可有关事项的通知,保监中介〔2016〕44号,,2026-08-29 04:27:35
保监发20169,RFN-15eb0a496c71325e,中国保监会关于调整保险业监管费收费标准等有关事项的通知,保监发〔2016〕9号,,2026-08-29 04:27:35
保监厅发201583,RFN-0954ada2061d54e9,中国保监会办公厅、北京市金融工作局、北京市石景山区人民政府关于印发《关于加快推动北京保险产业园创新发展的实施办法》的通知,保监厅发〔2015〕83号,,2026-08-29 04:27:35
保监发2015123,RFN-4e3131787e5a2f80,中国保监会关于保险业履行社会责任的指导意见,保监发〔2015〕123号,,2026-08-29 04:27:35
保监发201565,RFN-90253ef97fd4f33e,中国保监会 天津市人民政府关于加强保险业服务天津自贸试验区建设和京津冀协同发展等重大国家战略的意见,保监发〔2015〕65号,,2026-08-29 04:27:35
保监发201516,RFN-b589e0692561ef42,中国保监会 国家发展改革委关于印发《中国保险业信用体系建设规划（2015－2020年）》的通知,保监发〔2015〕16号,,2026-08-29 04:27:35
保监党委发201423,RFN-df26d096b13a54d4,关于印发《中共中国保监会委员会贯彻落实中共中央〈建立健全惩治和预防腐败体系2013－2017年工作规划〉实施办法》的通知,保监党委发〔2014〕23号,,2026-08-29 04:27:35
保监发201425,RFN-07aafd48a9f30367,中国保监会关于印发《保险业服务新型城镇化发展的指导意见》的通知,保监发〔2014〕25号,,2026-08-29 04:27:35
保监发201423,RFN-bab6f1d840e8764e,中国保监会关于保险业对口支援江西省赣州市定南县等原中央苏区振兴发展的指导意见,保监发〔2014〕23号,,2026-08-29 04:27:35
保监发20143,RFN-2c6a41afa6f23bff,中国保监会 中国银监会关于进一步规范商业银行代理保险业务销售行为的通知,保监发〔2014〕3号,,2026-08-29 04:27:35
保监发201369,RFN-091f79fe4e660f39,中国保监会关于保险业支持经济结构调整和转型升级的指导意见,保监发〔2013〕69号,,2026-08-29 04:27:35
保监发201210,RFN-c73e81a28b76306a,关于调整保险业务监管费收费标准等有关事项的通知,保监发〔2012〕10号,,2026-08-29 04:27:35
保监发201169,RFN-20f83fe1fb0f39c5,中国保监会关于保险业参与加强和创新社会管理的指导意见,保监发〔2011〕69号,,2026-08-29 04:27:35
保监发201147,RFN-c906d3c0876f1680,关于印发《中国保险业发展“十二五”规划纲要》的通知,保监发〔2011〕47号,,2026-08-29 04:27:36
保监发2010109,RFN-5b2fa0008616d1cf,关于保险业支持文化产业发展有关工作的通知,保监发〔2010〕109号,,2026-08-29 04:27:36
保监发201075,RFN-8615ad49a2a4ff13,中国保监会关于第五批取消行政审批项目的通知,保监发〔2010〕75号,,2026-08-29 04:27:36
保监发200971,RFN-f76b806101d71f4a,关于保险业深入贯彻医改意见 积极参与多层次医疗保障体系建设的意见,保监发〔2009〕71号,,2026-08-29 04:27:36
保监发2008121,RFN-5203687078b13184,关于调整保险业务监管费收费标准及收费办法有关事项的通知,保监发〔2008〕121号,,2026-08-29 04:27:36
保监发200884,RFN-9b1a16df167c1bb7,中国保监会关于成立第二次保险业经济普查领导小组的通知（已失效）,保监发〔2008〕84号,,2026-08-29 04:27:36
保监厅发20084,RFN-726acac621ac4209,关于加强保险业抗灾救灾应急处置工作的通知（已失效）,保监厅发〔2008〕4号,,2026-08-29 04:27:36
保监发2007110,RFN-28592205e5bf65d0,关于加快天津滨海新区保险改革试验区创新发展的意见,保监发〔2007〕110号,,2026-08-29 04:27:36
保监厅发200745,RFN-88ca7d111533e829,关于开展保险业信息系统安全等级保护定级工作的通知,保监厅发〔2007〕45号,,2026-08-29 04:27:36
保监法规2007427,RFN-43787614b41f70d6,关于印发《关于推进保险合同纠纷快速处理机制试点工作的指导意见》的通知,保监法规〔2007〕427号,,2026-08-29 04:27:36
保监发200697,RFN-b09313ce7d503d34,关于印发《中国保险业发展“十一五”规划纲要》的通知,保监发〔2006〕97号,,2026-08-29 04:27:36
保监发200665,RFN-113e16a1bc5168f3,关于印发《关于保险业开展不正当交易行为自查自纠工作的实施意见》的通知（已失效）,保监发〔2006〕65号,,2026-08-29 04:27:36
保监发200626,RFN-77730ccf342b7096,关于印发《关于保险业开展治理商业贿赂专项工作的实施意见》的通知（已废止）,保监发〔2006〕26号,,2026-08-29 04:27:36
保监发200613,RFN-79b631bc8feb3313,关于调整保险业务监管费收费标准和收费办法的通知,保监发〔2006〕13号,,2026-08-29 04:27:36
保监发200518,RFN-28398a5340b9cd20,关于废止部分规范性文件的通知,保监发〔2005〕18号,,2026-08-29 04:27:36
保监发20057,RFN-06e6f7e1ded1d4ad,关于进一步加强保险业诚信建设的通知（已废止）,保监发〔2005〕7号,,2026-08-29 04:27:36
MD5:a613480f555526ec328e342856f19e54,RFN-9334fdf16b283e1a,保险保障基金管理办法（已失效）,N/A,,2026-08-29 04:27:37
保监会令20014,RFN-d0c1746c53b0665a,保险代理机构管理规定（已废止）,保监会令[2001]4号,,2026-08-29 04:27:37
保监发20002,RFN-7c332846273ed3ae,保险公司管理规定（已失效）,保监发[2000]2号,,2026-08-29 04:27:37
保监发200425,RFN-c32d310682f19c37,关于印发中国保监会派出机构内设处室及主要职责的通知,保监发〔2004〕25号,,2026-08-29 04:27:37
保监发200417,RFN-d63780aab73653cc,关于印发《中国保监会关于加强保险行业协会建设的指导意见》的通知（已废止）,保监发〔2004〕17号,,2026-08-29 04:27:37
保监发200366,RFN-40e020d72572dc40,关于印发《保险业开发针对非典新产品的指导意见》的通知（已失效）,保监发〔2003〕66号,,2026-08-29 04:27:37
保监发200296,RFN-f96b7b0074545099,关于加强保险业宣传工作的通知（已失效）,保监发〔2002〕96号,,2026-08-29 04:27:37
保监发200374,RFN-9a761bc98d8dfe08,关于印发《保险公司投资企业债券管理暂行办法》的通知（已废止）,保监发〔2003〕74号,,2026-08-29 04:27:37
保监发20039,RFN-0fd2f7401e7f689e,关于重新修订《保险公司购买中央企业债券管理办法》的通知（已废止）,保监发〔2003〕9号,,2026-08-29 04:27:37
保监发2005107,RFN-93cf24eecccf929b,关于加强保险中介从业人员继续教育管理工作的通知（已废止）,保监发〔2005〕107号,,2026-08-29 04:27:37
保监发200546,RFN-aa25448f04553219,关于2005年下半年保险代理从业人员资格考试有关事项的通知,保监发〔2005〕46号,,2026-08-29 04:27:37
国办发200519,RFN-5b0aaf8d4e169369,关于开展2005年整顿和规范保险市场秩序工作的通知,国办发〔2005〕19号,,2026-08-29 04:27:37
2022第1,RFN-2d7c38ba49a7bec5,中国人民银行 中国银行保险监督管理委员会 中国证券监督管理委员会令〔2022〕第1号（金融机构客户尽职调查和客户身份资料及交易记录保存管理办法）,〔2022〕第1号,,2026-08-29 04:27:37
国发202012,RFN-162cd1b11b7b45d0,中国人民银行令〔2020〕第4号（金融控股公司监督管理试行办法）,国发〔2020〕12号,,2026-08-29 04:27:37
财政部税务总局公告2025年第15,RFN-f8f89bbed0acaedf,关于保险合同准则转换有关企业所得税处理事项的公告,财政部 税务总局公告2025年第15号,,2026-08-29 04:27:37
财社20221,RFN-009f8e408aa5c4d5,关于修订《中央财政城乡居民基本医疗保险补助资金管理办法》的通知,财社〔2022〕1号,,2026-08-29 04:27:38
财税201920,RFN-4f65ef6fbb1ae140,关于明确养老机构免征增值税等政策的通知,财税〔2019〕20号,,2026-08-29 04:27:38
金发20268,RFN-3144793e0cf8551b,国家金融监督管理总局关于银行业保险业人工智能安全开发应用的指导意见,金发[2026]8号,,2026-08-29 04:27:38
MD5:2d89c1a384ea617481d020c7a6d07bcf,RFN-fd23ced41244be9d,科技部 金融监管总局 工业和信息化部 国家知识产权局印发《关于加快推动科技保险高质量发展 有力支撑高水平科技自立自强的若干意见》的通知,N/A,,2026-08-29 04:27:38
金办发202571,RFN-b56ccd1ba6ce6c7b,国家金融监督管理总局办公厅印发《关于银行业保险业支持福建建设两岸融合发展示范区的若干措施》的通知,金办发[2025]71号,,2026-08-29 04:27:38
金发20259,RFN-c8cf8b8feb8be070,国家金融监督管理总局关于香港、澳门金融机构入股保险公司有关事项的通知,金发[2025]9号,,2026-08-29 04:27:38
金规20245,RFN-3dccbb28eae7bc24,国家金融监督管理总局关于推动绿色保险高质量发展的指导意见,金规[2024]5号,,2026-08-29 04:27:38
银保监发202216,RFN-3a38f57a4a85e2c7,中国银保监会 上海市人民政府关于印发中国（上海）自由贸易试验区临港新片区科技保险创新引领区工作方案的通知,银保监发[2022]16号,,2026-08-29 04:27:38
银保监发202210,RFN-7e33cdb0dc08ada8,中国银保监会关于银行业保险业支持城市建设和治理的指导意见,银保监发[2022]10号,,2026-08-29 04:27:38
银保监办发20222,RFN-7401ccdf3b72c1be,中国银保监会办公厅关于银行业保险业数字化转型的指导意见,银保监办发[2022]2号,,2026-08-29 04:27:38
银保监发202138,RFN-bb9ed4da49e5a932,中国银保监会关于印发全国银行业保险业开展法治宣传教育的第八个五年规划（2021-2025年）的通知,银保监发[2021]38号,,2026-08-29 04:27:38
银保监办发2020129,RFN-75f5ada513870132,中国银保监会办公厅关于深化银行业保险业“放管服”改革 优化营商环境的通知,银保监办发[2020]129号,,2026-08-29 04:27:38
银保监发202047,RFN-a79d07f6acb16143,中国银保监会 财政部 生态环境部关于印发核保险巨灾责任准备金管理办法的通知,银保监发[2020]47号,,2026-08-29 04:27:38
银保监办发202040,RFN-a63c24c77745c181,中国银保监会关于印发健全银行业保险业公司治理三年行动方案（2020—2022年）的通知,银保监办发〔2020〕40号,,2026-08-29 04:27:38
银保监发202027,RFN-d87f91e80a21f732,中国银保监会关于开展银行业保险业市场乱象整治“回头看”工作的通知,银保监发[2020]27号,,2026-08-29 04:27:39
保险机构参与中国金融期货证监会公告202012,RFN-0bab2c662362a3b1,中国证券监督管理委员会、财政部、中国人民银行、中国银行保险监督管理委员会关于商业银行、保险机构参与中国金融期货交易所国债期货交易的公告,保险机构参与中国金融期货证监会公告〔2020〕12号,,2026-08-29 04:27:39
银保监发201952,RFN-c52c03ee0ac9f135,中国银保监会关于推动银行业和保险业高质量发展的指导意见,银保监发[2019]52号,,2026-08-29 04:27:39
MD5:c2c523107eb316c265f9b115569d7fc6,RFN-cf2b8f2b5b03b772,中国银保监会现场检查办法（试行）(中国银行保险监督管理委员会令2019年第7号),N/A,,2026-08-29 04:27:39
银保监办发201998,RFN-dfd287d5f2f0c127,中国银保监会办公厅关于明确保险资产负债管理报告报送要求的通知,银保监办发〔2019〕98号,,2026-08-29 04:27:39
MD5:7283f4092bbdd2450bce09c977cd1303,RFN-ba99e1d3cdba2d2f,银行业金融机构反洗钱和反恐怖融资管理办法（中国银行保险监督管理委员会令2019年第1号）,N/A,,2026-08-29 04:27:39
中国银保监会关于银行业和保险业做好扫黑除恶专项斗争有关工作的通知银保监发201845,RFN-635f918856e44fe0,中国银保监会关于银行业和保险业做好扫黑除恶专项斗争有关工作的通知,中国银保监会关于银行业和保险业做好扫黑除恶专项斗争有关工作的通知银保监发〔2018〕45号,,2026-08-29 04:27:39
保监财会201847,RFN-49493953265901e8,中国保监会关于印发《全国性保险业社团组织收费管理暂行办法》的通知,保监财会〔2018〕47号,,2026-08-29 04:27:39
保监统信20187,RFN-b4cdf56e50c9be98,中国保监会关于调整“保险金额”“签单数量”等保险监管统计指标报送频率的通知,保监统信〔2018〕7号,,2026-08-29 04:27:39
保监发201794,RFN-93f51bde3c1d9108,中国保监会关于印发《保险标准化工作管理办法》的通知,保监发〔2017〕94号,,2026-08-29 04:27:39
保监发201766,RFN-3678cb752c5eda74,中国保监会关于印发《中国保监会关于加强保险消费风险提示工作的意见》的通知,保监发〔2017〕66号,,2026-08-29 04:27:39
保监财会2017181,RFN-00b4620493bc84d7,中国保监会关于暂免征保险业监管费有关事项的通知,保监财会〔2017〕181号,,2026-08-29 04:27:39
MD5:e54708b80af1ad5d69dab3e97dfcfa25,RFN-158388ecc846aa51,关于《国家税务总局 财政部 中国人民银行 中国银行业监督管理委员会 中国证券监督管理委员会 中国保险监督管理委员会关于发布〈非居民金融账户涉税信息尽职调查管理办法〉的公告》的解读,N/A,,2026-08-29 04:27:40
保监发201742,RFN-0cc7605e7139d3a1,中国保监会关于保险业支持实体经济发展的指导意见,保监发〔2017〕42号,,2026-08-29 04:27:40
保监发20179,RFN-6a8af52972fe9707,中国保监会关于进一步加强保险资金股票投资监管有关事项的通知,保监发〔2017〕9号,,2026-08-29 04:27:40
法2016374,RFN-1424066b74b361a3,关于全面推进保险纠纷诉讼与调解对接机制建设的意见,法〔2016〕374号,,2026-08-29 04:27:40
保监发201671,RFN-90ec65df04036cdd,中国保监会关于保险公司在全国中小企业股份转让系统挂牌有关事项的通知,保监发〔2016〕71号,,2026-08-29 04:27:40
保监厅发201624,RFN-797de304b1174246,中国保监会办公厅关于进一步加强保险业信访工作的指导意见,保监厅发〔2016〕24号,,2026-08-29 04:27:40
保监发2016103,RFN-5326484af2535c80,中国保监会关于调整保险业监管费和保险罚没收入缴款方式等有关事项的通知,保监发〔2016〕103号,,2026-08-29 04:27:40
保监发201615,RFN-7d3684c4a1ea4c21,中国保监会关于印发《深化保险标准化工作改革方案》的通知,保监发〔2016〕15号,,2026-08-29 04:27:40
保监发20167,RFN-7f93b2baccc05369,中国保监会关于全面推进保险法治建设的指导意见,保监发〔2016〕7号,,2026-08-29 04:27:40
保监发2015129,RFN-dcdc09f305205cdb,中国保监会关于印发《保险业功能服务指标体系》的通知,保监发〔2015〕129号,,2026-08-29 04:27:40
保监稽查2015263,RFN-ab8b77719a0bd5d3,中国保监会关于进一步做好保险业防范和处置非法集资工作的通知,保监稽查〔2015〕263号,,2026-08-29 04:27:40
保监发2015112,RFN-ad4dd121386851e0,中国保监会关于印发《保险法人机构公司治理评价办法（试行）》的通知,保监发〔2015〕112号,,2026-08-29 04:27:40
保监发2015106,RFN-9c51b2b68524b536,中国保监会关于保险业服务京津冀协同发展的指导意见,保监发〔2015〕106号,,2026-08-29 04:27:41
MD5:3f5a0271a944cd5c413b154d2a2ee1ee,RFN-b7c9a94d4eb64cf7,中国保险监督管理委员会行政处罚程序规定（2015年修订）,N/A,,2026-08-29 04:27:41
保监发2015100,RFN-84daea421e7dcede,中国保监会关于修改《中国保监会关于严格规范非保险金融产品销售的通知》的通知,保监发〔2015〕100号,,2026-08-29 04:27:41
保监资金2015114,RFN-5074d178c64406e8,中国保监会关于保险资产管理产品参与融资融券债权收益权业务有关问题的通知,保监资金〔2015〕114号,,2026-08-29 04:27:41
保监厅发201542,RFN-23fb8f845baf5965,中国保监会办公厅关于优化保险公司章程修改等审批程序的通知,保监厅发〔2015〕42号,,2026-08-29 04:27:41
MD5:571f4b84325956e37d7e46d6909fecff,RFN-01e25fd1bd2c5bc5,中国保险监督管理委员会关于修改《中国保险监督管理委员会行政处罚程序规定》的决定,N/A,,2026-08-29 04:27:41
保监厅发201519,RFN-eaba3583544d0cff,中国保监会办公厅关于贯彻实施《中国保险业信用体系建设规划（2015-2020年）》的通知,保监厅发〔2015〕19号,,2026-08-29 04:27:41
保监发201511,RFN-7a5d67f0c297bd89,中国保监会关于印发《相互保险组织监管试行办法》的通知,保监发〔2015〕11号,,2026-08-29 04:27:41
MD5:7d3d32001db994bc358c817eb2a18500,RFN-27a40e9d7443d407,保险违法行为举报处理工作办法,N/A,,2026-08-29 04:27:41
保监发201438,RFN-8924608a7e543b00,关于保险资金投资集合资金信托计划有关事项的通知,保监发〔2014〕38号,,2026-08-29 04:27:41
保监发201426,RFN-f289130b5d8a2fd1,中国保监会关于印发《保险公司收购合并管理办法》的通知,保监发〔2014〕26号,,2026-08-29 04:27:41
保监发201377,RFN-c83199dcc16c369d,中国保监会关于印发《大病保险统计制度（试行）》的通知,保监发〔2013〕77号,,2026-08-29 04:27:41
保监消保2013634,RFN-f1d2465f3a63ec8c,中国保监会关于禁止强制销售保险的紧急通知,保监消保〔2013〕634号,,2026-08-29 04:27:42
保监发201336,RFN-2518efc21ba4410e,中国保监会关于规范有限合伙式股权投资企业投资入股保险公司有关问题的通知,保监发〔2013〕36号,,2026-08-29 04:27:42
保监厅发201320,RFN-ea87b9c442d27464,关于规范保险机构向中国保险监督管理委员会报送文件的通知,保监厅发〔2013〕20号,,2026-08-29 04:27:42
保监发201324,RFN-b9f342fc87f344e4,中国保监会关于印发《保险公司偿付能力报告编报规则——问题解答第15号：信用风险评估方法和信用评级》等5项问题解答的通知,保监发〔2013〕24号,,2026-08-29 04:27:42
保监发201318,RFN-df2ad88fbaa24dee,中国保监会关于印发《保险公司发展规划管理指引》的通知,保监发〔2013〕18号,,2026-08-29 04:27:42
保监资金2013124,RFN-06f7b3078ec01834,中国保监会关于保险资产管理公司开展资产管理产品业务试点有关问题的通知,保监资金〔2013〕124号,,2026-08-29 04:27:42
保监发201310,RFN-7b83962c7eddc55d,关于加强和改进保险机构投资管理能力建设有关事项的通知,保监发〔2013〕10号,,2026-08-29 04:27:42
保监发201291,RFN-8d1c22b57e567cc6,关于保险资金投资有关金融产品的通知,保监发〔2012〕91号,,2026-08-29 04:27:42
保监发201282,RFN-3757cab1bacff89d,关于支持汽车企业代理保险业务专业化经营有关事项的通知,保监发〔2012〕82号,,2026-08-29 04:27:42
保监发201259,RFN-b5ae42d7f786b9cf,关于保险资金投资股权和不动产有关问题的通知,保监发〔2012〕59号,,2026-08-29 04:27:42
保监中介2012811,RFN-60747fe55af9f278,关于贯彻依法经营依法监管原则切实维护投保人和被保险人权益的通知（已废止）,保监中介〔2012〕811号,,2026-08-29 04:27:42
保监发201168,RFN-e7461206ed46d072,关于印发《保险公司信息系统安全管理指引（试行）》的通知,保监发〔2011〕68号,,2026-08-29 04:27:43
保监发201121,RFN-4c1603295100fce6,中国保险监督管理委员会、中国银行业监督管理委员会关于保险监督管理机构查询保险机构及相关单位和个人在金融机构账户有关问题的通知,保监发〔2011〕21号,,2026-08-29 04:27:43
保监发201115,RFN-8fdbd77cf70c2a36,关于印发《2011年保险业“小金库”专项治理工作实施方案》的通知,保监发〔2011〕15号,,2026-08-29 04:27:43
保监发201110,RFN-e00894a2b33837ec,关于印发《商业银行代理保险业务监管指引》的通知,保监发〔2011〕10号,,2026-08-29 04:27:43
银监发201090,RFN-4f4747346d31e9d3,中国银监会关于进一步加强商业银行代理保险业务合规销售与风险管理的通知,银监发[2010]90号,,2026-08-29 04:27:43
保监发201066,RFN-4f44d544d80ebe1b,关于调整保险资金投资政策有关问题的通知（已废止）,保监发〔2010〕66号,,2026-08-29 04:27:43
银发2010198,RFN-ceb12aa3ca8c3a6f,中国人民银行 中国银行业监督管理委员会 中国证券监督管理委员会 中国保险监督管理委员会关于全面推进农村金融产品和服务方式创新的指导意见,银发〔2010〕198号,,2026-08-29 04:27:43
保监发2009132,RFN-041a2d1a8851bad6,关于保险机构投资无担保企业债券有关事宜的通知,保监发〔2009〕132号,,2026-08-29 04:27:43
保监发2009128,RFN-4b0ca1af5924a05a,关于废止部分保险中介规范性文件的通知,保监发〔2009〕128号,,2026-08-29 04:27:43
保监发2009112,RFN-00ecff9dba1fd0f9,关于贯彻落实《保险公司中介业务违法行为处罚办法》有关事项的通知（已废止）,保监发〔2009〕112号,,2026-08-29 04:27:43
保监会令20013,RFN-935ddd95dd623e33,保险公估机构监管规定,保监会令〔2001〕3号,,2026-08-29 04:27:43
保监会令200415,RFN-6299b41ed313d187,保险经纪机构监管规定,保监会令〔2004〕15号,,2026-08-29 04:27:43
保监会令200414,RFN-213ec1fa3be1cc65,保险专业代理机构监管规定,保监会令〔2004〕14号,,2026-08-29 04:27:44
保监发200970,RFN-0e6c350ab17d6826,关于加强保险中介从业人员继续教育管理工作的通知（已废止）,保监发〔2009〕70号,,2026-08-29 04:27:44
保监厅发200939,RFN-aa06db05ffcc03bb,关于进一步做好保险业参与社会治安综合治理工作的通知（已废止）,保监厅发〔2009〕39号,,2026-08-29 04:27:44
保监厅发200931,RFN-d6174ff6a464bc23,关于做好新《保险法》宣传工作的通知（已失效）,保监厅发〔2009〕31号,,2026-08-29 04:27:44
保监厅发200930,RFN-dfa1f1cbb084b933,关于做好2009年保险消费者教育工作的通知（已失效）,保监厅发〔2009〕30号,,2026-08-29 04:27:44
保监发200943,RFN-2db149c6176e5ae6,关于保险资金投资基础设施债权投资计划的通知,保监发〔2009〕43号,,2026-08-29 04:27:44
保监发200942,RFN-c537e12b987a537e,关于增加保险机构债券投资品种的通知,保监发〔2009〕42号,,2026-08-29 04:27:44
保监厅发200922,RFN-b878d6635ecfc0d8,关于印发《保险公司第二次经济普查工作方案》的通知（已失效）,保监厅发〔2009〕22号,,2026-08-29 04:27:44
保监统信2009222,RFN-d440356514113d3d,关于报送保险机构和高管人员类行政许可申请事项电子化文档的通知,保监统信〔2009〕222号,,2026-08-29 04:27:44
保监发200916,RFN-585c75a95efbf8c9,关于2009年保险公司合规工作要求的通知,保监发〔2009〕16号,,2026-08-29 04:27:44
保监发2008118,RFN-0cf994eb737e99e3,关于印发《加强保险消费者教育工作方案》的通知,保监发〔2008〕118号,,2026-08-29 04:27:44
保监发200891,RFN-a65927d08c1a124a,中国保险监督管理委员会 国务院第二次全国经济普查领导小组办公室 关于印发《第二次保险业经济普查实施方案》的通知（已失效）,保监发〔2008〕91号,,2026-08-29 04:27:45
国经普办字200816,RFN-950d630b983fa780,关于开展第二次保险业经济普查的通知（已失效）,国经普办字〔2008〕16号,,2026-08-29 04:27:45
保监发200860,RFN-205b43b21e70392c,关于保险业参与基本医疗保障管理工作有关问题的通知,保监发〔2008〕60号,,2026-08-29 04:27:45
保监厅发200832,RFN-ddef688f33867b98,关于印发《天津滨海新区补充养老保险试点实施细则》的通知,保监厅发〔2008〕32号,,2026-08-29 04:27:45
保监发200827,RFN-55376202e4b80fd1,关于印发《保险公司董事、监事及高级管理人员培训管理暂行办法》的通知,保监发〔2008〕27号,,2026-08-29 04:27:45
保监机构2008384,RFN-f25d38a46894ac7c,关于明确保险公司法人机构直接经营保险业务行为监管有关问题的通知,保监机构〔2008〕384号,,2026-08-29 04:27:45
保监发2007129,RFN-24d0b25dd97f339c,关于发布《保险术语（修订版）》行业标准的通知（已失效）,保监发〔2007〕129号,,2026-08-29 04:27:45
保监发2007113,RFN-75acf6c38b7b62b6,关于开展保险公司治理结构专项自查活动的通知（已废止）,保监发〔2007〕113号,,2026-08-29 04:27:45
保监发200741,RFN-2ed7de7b013f5d42,关于修订保险外币统计制度有关内容的通知,保监发〔2007〕41号,,2026-08-29 04:27:45
保监发200730,RFN-6a0d0d49ed5659f6,关于保险业对不正当交易行为自查自纠工作进行检查评估的通知（已失效）,保监发〔2007〕30号,,2026-08-29 04:27:45
保监发2006130,RFN-d4e2caad90cfed0b,关于印发保险外币统计制度的通知,保监发〔2006〕130号,,2026-08-29 04:27:46
保监发2006126,RFN-97581ae487f77a94,关于印发《保险外币统计币种及折算汇率管理办法》的通知,保监发〔2006〕126号,,2026-08-29 04:27:46
保监发2006125,RFN-3271031a208f2244,关于印发《中国保险业发展“十一五”规划信息化重点专项规划》的通知,保监发〔2006〕125号,,2026-08-29 04:27:46
保监发2006121,RFN-3595eb2dd4cfdfde,关于发布《保险术语》行业标准的通知（已失效）,保监发〔2006〕121号,,2026-08-29 04:27:46
保监财会20061142,RFN-9d59496ff1f52318,关于保险业新会计准则培训有关事项的通知（已失效）,保监财会〔2006〕1142号,,2026-08-29 04:27:46
保监发200698,RFN-b113c8287c005c98,关于保险机构投资商业银行股权的通知（已废止）,保监发[2006]98号,,2026-08-29 04:27:46
保监发200664,RFN-bfe9fc4e05784a46,关于印发《关于保险业依法查处商业贿赂案件的实施意见》的通知（已废止）,保监发〔2006〕64号,,2026-08-29 04:27:46
MD5:a77c9341b12d977d00160eb5ee966bbb,RFN-38217405ecdde580,关于报送保险业商业贿赂案件查处情况的通知（已废止）,N/A,,2026-08-29 04:27:46
保监发200644,RFN-bafb544c4ac586e1,中国保险监督管理委员会、中央社会治安综合治理委员会办公室关于保险业参与平安建设的意见,保监发〔2006〕44号,,2026-08-29 04:27:46
保监发200640,RFN-9f0d85aa746cbe1d,关于实施农村保险营销员资格授予制度有关问题的通知（已废止）,保监发〔2006〕40号,,2026-08-29 04:27:46
保监厅发200622,RFN-aa5bd3e45957da3f,关于开展对保险业资本构成等情况调查的通知（已失效）,保监厅发〔2006〕22号,,2026-08-29 04:27:47
MD5:9c2aab4090e8fef75aaa4a28f8578c5d,RFN-490663777515ebff,保险资金间接投资基础设施项目试点管理办法,N/A,,2026-08-29 04:27:47
保监厅发2005104,RFN-cd079bdcc667f2ad,关于进一步做好突发事件的保险新闻宣传工作的通知,保监厅发〔2005〕104号,,2026-08-29 04:27:47
保监发改2005272,RFN-b99f3e470b7d541f,关于印发《保险公司开业验收指引（试行）》的通知（已废止）,保监发改〔2005〕272号,,2026-08-29 04:27:47
保监发200575,RFN-27c0b4480ee9d8e4,关于防范保险业非法集资活动有关工作的通知,保监发〔2005〕75号,,2026-08-29 04:27:47
保监发200572,RFN-78ca09639f806539,关于印发《保险机构投资者债券投资管理暂行办法》的通知（已废止）,保监发〔2005〕72号,,2026-08-29 04:27:47
保监发200556,RFN-0f121d512d11454f,关于加强保险统计数据质量管理的通知（已失效）,保监发〔2005〕56号,,2026-08-29 04:27:47
保监会令20015,RFN-618dc2b29e8a780c,保险经纪机构管理规定（已废止）,保监会令[2001]5号,,2026-08-29 04:27:47
保监发2004155,RFN-ed0821042af9e6c2,关于印发《保险公司偿付能力报告编报规则——问题解答第2号：次级债、可转换债券、股票和境外外汇投资资产》的通知,保监发〔2004〕155号,,2026-08-29 04:27:47
保监发200323,RFN-73a271f381feb48f,关于加强航空意外保险规范管理的补充通知（已废止）,保监发〔2003〕23号,,2026-08-29 04:27:48
保监发20016,RFN-e1d0f34066dc3646,关于保险公司资本保证金存放商业银行有关规定的通知,保监发[2001]6号,,2026-08-29 04:27:48
保监发1999235,RFN-796af192693bc064,关于保险公司委托会计师事务所开展审计业务有关问题的通知,保监发[1999]235号,,2026-08-29 04:27:48
保监发200452,RFN-b9383b393cc34ff5,关于严厉打击境外保险机构在境内非法保险活动及保险诈骗活动的通知（已废止）,保监发〔2004〕52号,,2026-08-29 04:27:48
保监发200432,RFN-1d04d79e9ca9f279,关于就商业保险合同监管主体问题做好有关协调工作的通知,保监发〔2004〕32号,,2026-08-29 04:27:48
保监发2003117,RFN-ff3110478f7c266f,关于进一步加强和改进保险业突发事件新闻报道工作的通知（已废止）,保监发〔2003〕117号,,2026-08-29 04:27:48
保监发2003116,RFN-92f92ee8a480d2c6,关于印发《保险业重大上访事件处理办法》的通知（已废止）,保监发〔2003〕116号,,2026-08-29 04:27:48
保监发2001104,RFN-17042d95ee5b3a4e,关于印发《中国保险监督管理委员会现场检查工作规程》的通知,保监发[2001]104号,,2026-08-29 04:27:48
保监发200174,RFN-ab0da5bfe3db7779,关于处理有关保险合同纠纷问题的意见,保监发[2001]74号,,2026-08-29 04:27:48
保监发1999147,RFN-e6bde4bd4b9b74a5,关于在保险条款中设立仲裁条款的通知（已废止）,保监发[1999]147号,,2026-08-29 04:27:49
保监发199918,RFN-832642ca77d43ed9,关于印发《保险业对外宣传管理暂行规定》的通知（已废止）,保监发[1999]18号,,2026-08-29 04:27:49
保监发2001161,RFN-00181c1a550be989,关于各保险公司要加强对保险代理机构设置远程出单点和委托出单管理的通知（已废止）,保监发〔2001〕161号,,2026-08-29 04:27:49
保监发2001135,RFN-0b67e315153d21ba,关于启用保险代理从业人员基本资格证书和展业证书的通知（已失效）,保监发〔2001〕135号,,2026-08-29 04:27:49
保监发2004156,RFN-3e11a9f1461b8973,关于保险公司、保险资产管理公司投资保险公司次级定期债务的通知（已废止）,保监发〔2004〕156号,,2026-08-29 04:27:49
保监厅发200485,RFN-882e866449a723bd,关于外资保险公司在华分公司开立证券账户有关问题的通知,保监厅发〔2004〕85号,,2026-08-29 04:27:49
保监发200494,RFN-04631cd5896472e2,关于保险公司投资可转换公司债券有关事项的通知（已废止）,保监发〔2004〕94号,,2026-08-29 04:27:49
保监发200423,RFN-d320bd69e72d49ab,关于保险公司投资银行次级定期债务有关事项的通知（已废止）,保监发〔2004〕23号,,2026-08-29 04:27:49
保监发200391,RFN-93edca63e3171e89,关于保险公司投资中央银行票据的通知（已废止）,保监发〔2003〕91号,,2026-08-29 04:27:49
保监发200449,RFN-ab5d72dded585bfd,关于进一步落实保险营销员持证上岗制度的通知（已失效）,保监发〔2004〕49号,,2026-08-29 04:27:49
保监中介200453,RFN-5411f7dff8556566,关于保险公司员工投资保险中介机构问题的批复,保监中介〔2004〕53号,,2026-08-29 04:27:50
保监发2002110,RFN-01c98ce91fa76f9c,关于严禁保险公司以大额协议存款出质为他人提供担保的通知（已废止）,保监发〔2002〕110号,,2026-08-29 04:27:50
保监发200185,RFN-bcf6a94098450808,关于允许保险公司购买电信通讯类企业债券的通知（已废止）,保监发[2001]85号,,2026-08-29 04:27:50
保监发200090,RFN-e42e3cf5ecbe4d9e,关于加强保险公司对持有上市公司股份和法人股集中管理的通知关于加强保险公司对持有上市公司股份和法人股集中管理的通知（已废止）,保监发[2000]90号,,2026-08-29 04:27:50
保监厅函2004155,RFN-4c9bf69d7d425799,关于保险公司高级管理人员任职资格管理有关问题的复函,保监厅函〔2004〕155号,,2026-08-29 04:27:50
保监发200421,RFN-6426ad077b34a3ca,关于明确外国保险机构驻华代表机构申请材料报送程序的通知,保监发〔2004〕21号,,2026-08-29 04:27:50
保监办函2003118,RFN-a6e37a016be69c55,关于对保险公司有关责任人予以处罚相关问题的复函,保监办函〔2003〕118号,,2026-08-29 04:27:50
保监发2001126,RFN-25ea1d07ae1b63c1,关于规范中资保险公司吸收外资参股有关事项的通知（已废止）,保监发〔2001〕126号,,2026-08-29 04:27:50
保监办发20003,RFN-d52050b6c6e05e6b,关于规范保险机构向保监会行文的通知（已废止）,保监办发[2000]3号,,2026-08-29 04:27:50
保监发1999275,RFN-100c5013e9342ab0,关于重申严禁保险公司支付“无赔款退费”的通知（已废止）,保监发[1999]275号,,2026-08-29 04:27:51
保监发1999239,RFN-3b753562f1947ff9,关于调整储金性保险业务储金率的通知（已废止）,保监发[1999]239号,,2026-08-29 04:27:51
保监发199948,RFN-fd82d44341772467,关于严禁保险公司采取违规手段参与政府采购保险竞标的紧急通知（已废止）,保监发[1999]48号,,2026-08-29 04:27:51
保监厅函2005216,RFN-6eeed0a021f16641,关于提前报送2005年保险公司主要指标快报的通知,保监厅函〔2005〕216号,,2026-08-29 04:27:51
保监发200590,RFN-165b134a80676190,关于开展保险资金托管工作的通知（已废止）,保监发〔2005〕90号,,2026-08-29 04:27:51
保监发200577,RFN-f79cca682c61c207,关于印发《保险外汇资金境外运用管理暂行办法实施细则》的通知（已废止）,保监发〔2005〕77号,,2026-08-29 04:27:51
保监厅发2005117,RFN-97512733c733dbc0,关于做好保险业国际收支平衡表和国际投资头寸表编制准备工作的通知（已失效）,保监厅发〔2005〕117号,,2026-08-29 04:27:51
保监厅发2005114,RFN-7d624c238dda0552,关于保险业突发事件应急处置工作有关问题的通知（已废止）,保监厅发〔2005〕114号,,2026-08-29 04:27:51
保监厅函2005152,RFN-0bd05ec945959c93,关于保险业参与新型农村合作医疗情况的函,保监厅函〔2005〕152号,,2026-08-29 04:27:51
保监发200555,RFN-081ecf9726662d05,关于保险外汇资金投资境外股票有关问题的通知（已废止）,保监发〔2005〕55号,,2026-08-29 04:27:52
保监发200541,RFN-4a9205f71876954e,关于印发《保险中介从业人员继续教育暂行办法》的通知,保监发〔2005〕41号,,2026-08-29 04:27:52
保监厅发200553,RFN-cffcb1587680188c,关于开展保险合同纠纷处理机制试点工作的通知,保监厅发〔2005〕53号,,2026-08-29 04:27:52
保监法规2005318,RFN-8e37d9471a591f1d,关于违规受处罚的保险公司申请设立营销服务部有关问题的批复,保监法规〔2005〕318号,,2026-08-29 04:27:52
保监厅发200545,RFN-3cfb650d9582deea,关于保险公司在设有特区、计划单列市的省份展业有关问题的通知（已废止）,保监厅发〔2005〕45号,,2026-08-29 04:27:52
保监厅函200524,RFN-759baacb49543829,关于报送保险信息系统基本情况及安全状况等有关情况的函,保监厅函〔2005〕24号,,2026-08-29 04:27:52
保监厅函20054,RFN-35e613919ce6d52f,关于北京保险业经济普查中涉及保险专业中介机构有关问题的复函,保监厅函〔2005〕4号,,2026-08-29 04:27:52
保监发2004137,RFN-ed1f65fb07bac8ea,关于印发《保险机构开业信息化建设验收指引》的通知（已废止）,保监发[2004]137号,,2026-08-29 04:27:52
MD5:6a8f2dcd4d8ffafe7bac582f5bd2fa50,RFN-5b880a50f3d380a3,中国银行业监督管理委员会关于香港和澳门银行内地分行从事代理保险业务的公告,N/A,,2026-08-29 04:27:52
中国人民银行令2005第1,RFN-e346b01e2d21392b,中国人民银行 中国银行保险监督管理委员会关于保险公司发行无固定期限资本债券有关事项的通知（银发〔2022〕175号）,中国人民银行令〔2005〕第1号,,2026-08-29 04:27:53
2016270,RFN-85c3f92ede073430,中国人民银行办公厅 保监会办公厅关于投保人与被保险人、受益人关系确认有关事项的通知(银办发〔2016〕270号),〔2016〕270号,,2026-08-29 04:27:53
银发2015309,RFN-82d573787fb5915b,中国人民银行 中国银行业监督管理委员会 中国证券监督管理委员会 中国保险监督管理委员会 国家统计局关于印发《金融业企业划型标准规定》的通知（银发〔2015〕309号）,银发〔2015〕309号,,2026-08-29 04:27:53
银发2013289,RFN-3c6a6a09aa26c7cc,中国人民银行 工业和信息化部 中国银行业监督管理委员会 中国证券监督管理委员会 中国保险监督管理委员会关于防范比特币风险的通知（银发〔2013〕289号）,银发〔2013〕289号,,2026-08-29 04:27:53
