clean文号,clean标题,kind,matched_by,发文字号,建议,归属表文号,归属表标题,文件名称,文件来源,监管文件编号
中国保险监督管理委员会令〔2007〕第2号,中国人民银行 中国银行业监督管理委员会 中国证券监督管理委员会 中国保险监督管理委员会令〔2007〕第2号（金融机构客户身份识别和客户身份资料及交易记录保存管理办法）,C2,docno,,C2人工确认（同文号核心标题不同）,中国保险监督管理委员会令〔2007〕第2号,中国人民银行 国家金融监督管理总局 中国证券监督管理委员会令〔2025〕第11号（金融机构客户尽职调查和客户身份资料及交易记录保存管理办法）,,pbc,RFN-a416e99a11f00300
银保监发〔2018〕27号,中国银行保险监督管理委员会关于加强自媒体保险营销宣传行为管理的通知,C2,docno,,C2人工确认（同文号核心标题不同）,银保监发〔2018〕27号,关于加强自媒体营销宣传行为管理的通知,,supp,RFN-456cbc25ed7abfd4
银保监办发〔2019〕71号,中国银保监会办公厅关于开展保险公司销售从业人员执业登记数据清核工作的通知,C2,docno,,C2人工确认（同文号核心标题不同）,银保监办发〔2019〕71号,《关于开展保险公司销售从业人员执业登记数据清核工作的通知》,,supp,RFN-0101b070be1f1aa2
银保监办便函〔2021〕477号,中国银保监会办公厅关于深入开展人身保险市场乱象治理专项工作的通知,C2,docno,,C2人工确认（同文号核心标题不同）,银保监办便函〔2021〕477号,关于深入开展人身保险市场乱象治理专项工作的通知,,supp,RFN-aa19f65da57e5ec1
银保监办发〔2020〕59号,中国银保监会办公厅关于印发保险资金参与金融衍生产品交易办法等三个文件的通知,C2,docno,,C2人工确认（同文号核心标题不同）,银保监办发〔2020〕59号,保险资金参与国债期货交易规定,,nfra,RFN-a7c3b3863a4a088a
保监发〔2014〕110号,中国保监会关于印发《保险机构洗钱和恐怖融资风险评估及客户分类管理指引》的通知,C2,docno,,C2人工确认（同文号核心标题不同）,保监发[2014]110号,保险机构洗钱和恐怖融资风险评估及客户分类管理指引,,supp,RFN-5cab0874b0ade084
保监发〔2002〕138号,关于2003年年度报告编报工作有关问题的通知（已失效）,C2,docno,,C2人工确认（同文号核心标题不同）,保监发〔2002〕138号,关于做好2002年年度报告编报工作的通知,,nfra,RFN-a0df782531548881
公通字〔2007〕43号,信息安全等级保护管理办法,C2,docno,,C2人工确认（同文号核心标题不同）,公通字[2007]43号,信息安全等级保护管理办法[全文],,supp,RFN-7ca9431975f9d3dc
中国证券监督管理委员会公告〔2024〕10号,中国证券监督管理委员会公告（〔2024〕10号） 公开发行证券的公司信息披露编报规则第4号——保险公司信息披露特别规定（2024年修订）,C2,docno,,C2人工确认（同文号核心标题不同）,中国证券监督管理委员会公告（〔2024〕10号）,公开发行证券的公司信息披露编报规则第4号——保险公司信息披露特别规定(2024年修订),,supp,RFN-56bd950dc33c0751
保监发〔2000〕42号,关于印发《人身保险产品定名暂行办法》的通知,C2,docno,,C2人工确认（同文号核心标题不同）,保监发〔2000〕42号,人身保险公司保险条款和保险费率管理办法,,nfra,RFN-f52a53c26da1588a
中国保险监督管理委员会令〔2009〕2号,《保险公司营销服务部管理办法》废止令（中国保险监督管理委员会令2009年第2号）,legacy,title,,同名异版，人工复核是否登记新版,保监会令〔2002〕1号,《保险公司营销服务部管理办法》废止令（中国保险监督管理委员会令2009年第2号）,,nfra,RFN-5dee4a762b15b1ef
国发〔2006〕23号,关于保险中介市场发展的若干意见（已废止）,legacy,title,,同名异版，人工复核是否登记新版,保监发〔2007〕107号,关于保险中介市场发展的若干意见（已废止）,,nfra,RFN-56eadda7a101a149
保监发〔2006〕70号,关于提示人身保险银邮代理业务风险的通知,legacy,title,,同名异版，人工复核是否登记新版,保监寿险〔2008〕576号,关于提示人身保险银邮代理业务风险的通知,,nfra,RFN-b9e94212a13f4880
国办发〔2008〕126号,关于加快业务结构调整进一步发挥保险保障功能的指导意见,legacy,title,,同名异版，人工复核是否登记新版,保监发〔2009〕11号,关于加快业务结构调整进一步发挥保险保障功能的指导意见,,nfra,RFN-404b1753c48bdcd1
国发〔2014〕29号,关于印发《中国保监会关于加强保险消费者权益保护工作的意见》的通知,legacy,title,,同名异版，人工复核是否登记新版,保监发〔2014〕89号,关于印发《中国保监会关于加强保险消费者权益保护工作的意见》的通知,,nfra,RFN-6025708b82d19a85
国发〔2014〕29号,中国保监会关于深化保险中介市场改革的意见,legacy,title,,同名异版，人工复核是否登记新版,保监发〔2015〕91号,中国保监会关于深化保险中介市场改革的意见,,nfra,RFN-e334d8cce1f13776
国办发〔2015〕81号,中国保监会关于印发《保险销售行为可回溯管理暂行办法》的通知,legacy,title,,同名异版，人工复核是否登记新版,保监发〔2017〕54号,中国保监会关于印发《保险销售行为可回溯管理暂行办法》的通知,,nfra,RFN-4ab1a1555817bbc8
银保监发〔2018〕23号,中国银行保险监督管理委员会关于印发《个人税收递延型商业养老保险业务管理暂行办法》的通知,legacy,title,,同名异版，人工复核是否登记新版,的通知银保监发〔2018〕23号,中国银行保险监督管理委员会关于印发《个人税收递延型商业养老保险业务管理暂行办法》的通知,,nfra,RFN-9d16004cb5c41e51
银保监办发〔2018〕45号,中国银行保险监督管理委员会办公厅关于印发人身保险公司《精算报告》编报规则的通知,legacy,title,,同名异版，人工复核是否登记新版,编报规则的通知银保监办发〔2018〕45号,中国银行保险监督管理委员会办公厅关于印发人身保险公司《精算报告》编报规则的通知,,nfra,RFN-2faa19cd0d52b724
国发〔2013〕35号,中国银保监会关于扩大老年人住房反向抵押养老保险开展范围的通知,legacy,title,,同名异版，人工复核是否登记新版,银保监发〔2018〕43号,中国银保监会关于扩大老年人住房反向抵押养老保险开展范围的通知,,nfra,RFN-1801df174a88699e
银保监发〔2018〕32号,中国银保监会关于印发《个人税收递延型商业养老保险资金运用管理暂行办法》的通知,legacy,title,,同名异版，人工复核是否登记新版,的通知银保监发〔2018〕32号,中国银保监会关于印发《个人税收递延型商业养老保险资金运用管理暂行办法》的通知,,nfra,RFN-4519bfab6d37349a
银保监发〔2018〕35号,中国银保监会关于印发《保险机构独立董事管理办法》的通知,legacy,title,,同名异版，人工复核是否登记新版,的通知银保监发〔2018〕35号,中国银保监会关于印发《保险机构独立董事管理办法》的通知,,nfra,RFN-723ff41eb9823b54
银保监发〔2018〕34号,中国银保监会关于印发《保险公司偿付能力监管规则——问题解答第1号：偿付能力监管等效框架协议过渡期内的香港地区再保险交易对手违约风险因子》的通知,legacy,title,,同名异版，人工复核是否登记新版,的通知银保监发[2018]34号,中国银保监会关于印发《保险公司偿付能力监管规则——问题解答第1号：偿付能力监管等效框架协议过渡期内的香港地区再保险交易对手违约风险因子》的通知,,nfra,RFN-19f7ec81e17cdf73
银保监发〔2018〕20号,中国银行保险监督管理委员会 财政部 人力资源社会保障部 税务总局关于印发《个人税收递延型商业养老保险产品开发指引》的通知,legacy,title,,同名异版，人工复核是否登记新版,的通知银保监发〔2018〕20号,中国银行保险监督管理委员会 财政部 人力资源社会保障部 税务总局关于印发《个人税收递延型商业养老保险产品开发指引》的通知,,nfra,RFN-2c2826f69b405f9f
国办发〔2015〕81号,中国银保监会办公厅关于开展银行保险机构侵害消费者权益乱象整治工作的通知,legacy,title,,同名异版，人工复核是否登记新版,中国银保监会办公厅关于开展银行保险机构侵害消费者权益乱象整治工作的通知银保监办发〔2019〕194号,中国银保监会办公厅关于开展银行保险机构侵害消费者权益乱象整治工作的通知,,nfra,RFN-8d08e4069595e6da
银保监发〔2019〕32号,中国银保监会关于印发《保险资产负债管理监管暂行办法》的通知,legacy,title,,同名异版，人工复核是否登记新版,的通知银保监发〔2019〕32号,中国银保监会关于印发《保险资产负债管理监管暂行办法》的通知,,nfra,RFN-47dbf8f341cf0db8
银保监办发〔2019〕121号,中国银保监会办公厅关于保险资金参与信用风险缓释工具和信用保护工具业务的通知,legacy,title,,同名异版，人工复核是否登记新版,中国银保监会办公厅关于保险资金参与信用风险缓释工具和信用保护工具业务的通知银保监办发〔2019〕121号,中国银保监会办公厅关于保险资金参与信用风险缓释工具和信用保护工具业务的通知,,nfra,RFN-dcf8ffb8f9bc1eee
国办发〔2018〕47号,中国银保监会办公厅关于取消部分证明材料的通知,legacy,title,,同名异版，人工复核是否登记新版,银保监办发〔2019〕181号,中国银保监会办公厅关于取消部分证明材料的通知,,nfra,RFN-ad1d22dc64f02096
公告2019年第72号,关于保险企业手续费及佣金支出税前扣除政策的公告,legacy,title,,同名异版，人工复核是否登记新版,财政部、税务总局公告2019年第72号,关于保险企业手续费及佣金支出税前扣除政策的公告,,mof,RFN-96b765bc4ce98ec5
银保监发〔2021〕37号,中国银保监会关于印发保险公司分支机构市场准入管理办法的通知,legacy,title,,同名异版，人工复核是否登记新版,中国银保监会关于印发保险公司分支机构市场准入管理办法的通知银保监发〔2021〕37号,中国银保监会关于印发保险公司分支机构市场准入管理办法的通知,,nfra,RFN-2c5c046f3b50a096
,关于规范银行代理渠道保险产品的通知,legacy,title,,同名异版，人工复核是否登记新版,2023年,关于规范银行代理渠道保险产品的通知,,supp,RFN-181834bcb8e6bdfc
,关于银保产品管理有关事宜的通知,legacy,title,,同名异版，人工复核是否登记新版,2023年,关于银保产品管理有关事宜的通知,,supp,RFN-f1bcee8fe632f6b7
,关于强化管理促进人身险业务平稳健康发展的通知,legacy,title,,同名异版，人工复核是否登记新版,人身险部函【2023】428号,关于强化管理促进人身险业务平稳健康发展的通知,,supp,RFN-8c54a4db80812c50
银保监办发〔2020〕11号,中国银保监会办公厅关于推广人身保险电子化回访工作的通知,legacy,title,,同名异版，人工复核是否登记新版,,中国银保监会办公厅关于推广人身保险电子化回访工作的通知,,supp,RFN-ddf8280065cda015
,银行保险机构消费者权益保护管理办法,legacy,title,,同名异版，人工复核是否登记新版,中国银行保险监督管理委员会令2022年第9号,银行保险机构消费者权益保护管理办法,,nfra,RFN-e7f16ef940e67852
,中国银保监会关于进一步加强金融服务民营企业有关工作的通知,legacy,title,,同名异版，人工复核是否登记新版,银保监发〔2019〕8号,中国银保监会关于进一步加强金融服务民营企业有关工作的通知,,nfra,RFN-79dc56c0dec3a960
,中国银保监会办公厅关于授权派出机构实施部分行政许可事项的通知,legacy,title,,同名异版，人工复核是否登记新版,N/A,中国银保监会办公厅关于授权派出机构实施部分行政许可事项的通知,,nfra,RFN-c1ef5512ad05a651
,中国保险行业协会财产再保险比例及非比例合同范本（中文版）,legacy,title,,同名异版，人工复核是否登记新版,44511,中国保险行业协会财产再保险比例及非比例合同范本（中文版）,,supp,RFN-273a6711bb6f41b1
,保险公司营销服务部管理办法,legacy,title,,同名异版，人工复核是否登记新版,保监会令〔2002〕1号,保险公司营销服务部管理办法,,nfra,RFN-4eb8cd10ea814656
,保险公估机构管理规定,legacy,title,,同名异版，人工复核是否登记新版,保监会令〔2001〕3号,保险公估机构管理规定 ,,nfra,RFN-955e2d85ba32511d
,保险营销员管理规定,legacy,title,,同名异版，人工复核是否登记新版,保监会令〔2006〕3号,保险营销员管理规定,,nfra,RFN-cbab6f767d0dd52e
,人身保险公司保险条款和保险费率管理办法（2015年修订）,legacy,title,,同名异版，人工复核是否登记新版,保监会令2011年第3号（2015年修订）,人身保险公司保险条款和保险费率管理办法（2015年修订）,,nfra,RFN-bb9863080574cf5f
中国保险监督管理委员会令〔2009〕3号,人身保险新型产品信息披露管理办法,legacy,title,,同名异版，人工复核是否登记新版,保监会令〔2009〕3号,人身保险新型产品信息披露管理办法,,nfra,RFN-46e81a258a652e4f
国发〔2003〕5号,关于调整人身保险产品监管方式的通知（已失效）,legacy,title,,同名异版，人工复核是否登记新版,保监发〔2003〕46号,关于调整人身保险产品监管方式的通知（已失效）,,nfra,RFN-75e5969942c63ba7
,保险公司总精算师管理办法,legacy,title,,同名异版，人工复核是否登记新版,保监会令〔2007〕3号,保险公司总精算师管理办法,,nfra,RFN-45c3d6b1412b3e1e
保监发〔2000〕229号,关于印发《精算报告》的通知,legacy,title,,同名异版，人工复核是否登记新版,保监寿险〔2005〕8号,关于印发《精算报告》的通知,,nfra,RFN-4227deb76c02cc07
保监发〔2005〕111号,关于整改人身保险条款存在问题的通知（已废止）,legacy,title,,同名异版，人工复核是否登记新版,保监寿险〔2006〕318号,关于整改人身保险条款存在问题的通知（已废止）,,nfra,RFN-d14cffc28f570faa
国发〔2006〕23号,关于印发《关于促进人身保险产品创新工作的指导意见》的通知,legacy,title,,同名异版，人工复核是否登记新版,保监发〔2006〕110号,关于印发《关于促进人身保险产品创新工作的指导意见》的通知,,nfra,RFN-38b8fc384bf24f02
,关于印发投资连结保险万能保险精算规定的通知,legacy,title,,同名异版，人工复核是否登记新版,保监寿险〔2007〕335号,关于印发投资连结保险万能保险精算规定的通知,,nfra,RFN-0f42c3fb4db5e6d2
,关于修订短期意外伤害保险法定责任准备金评估有关事项的通知（已废止）,legacy,title,,同名异版，人工复核是否登记新版,保监寿险〔2008〕671号,关于修订短期意外伤害保险法定责任准备金评估有关事项的通知（已废止）,,nfra,RFN-06e9db9338123380
保监发〔2004〕76号,关于人身保险公司定期报送产品总结报告的通知,legacy,title,,同名异版，人工复核是否登记新版,保监寿险〔2010〕360号,关于人身保险公司定期报送产品总结报告的通知,,nfra,RFN-45f087c7eb811533
国发〔2006〕23号,关于印发《变额年金保险管理暂行办法》的通知,legacy,title,,同名异版，人工复核是否登记新版,保监发〔2011〕25号,关于印发《变额年金保险管理暂行办法》的通知,,nfra,RFN-0ed3d27380b27e03
保监发〔2012〕46号,关于印发《保险公司非寿险业务准备金回溯分析管理办法》的通知,legacy,title,,同名异版，人工复核是否登记新版,的通知保监发〔2012〕46号,关于印发《保险公司非寿险业务准备金回溯分析管理办法》的通知,,nfra,RFN-0684729d60cd7da4
保监发〔2010〕58号,关于编报保险公司非寿险业务准备金评估报告有关事项的通知,legacy,title,,同名异版，人工复核是否登记新版,保监产险〔2012〕651号,关于编报保险公司非寿险业务准备金评估报告有关事项的通知,,nfra,RFN-e8bea8508e4c5f61
保监发〔2010〕86号,中国保监会关于加强人身保险费率政策改革产品管理有关事项的通知,legacy,title,,同名异版，人工复核是否登记新版,保监寿险〔2015〕136号,中国保监会关于加强人身保险费率政策改革产品管理有关事项的通知,,nfra,RFN-0431c0ac1ebb6dde
保监发〔2010〕86号,中国保监会关于强化人身保险产品监管工作的通知,legacy,title,,同名异版，人工复核是否登记新版,保监寿险〔2016〕199号,中国保监会关于强化人身保险产品监管工作的通知,,nfra,RFN-2e965f2ed510a7f4
,保险资产管理产品管理暂行办法,legacy,title,,同名异版，人工复核是否登记新版,2020年第5号,《保险资产管理产品管理暂行办法》,,supp,RFN-161cccaeb7b7e417
,中华人民共和国保险法,legacy,title,,同名异版，人工复核是否登记新版,N/A,中华人民共和国保险法,,nfra,RFN-ae0c66a57b03979f
,人身保险新型产品信息披露管理暂行办法,legacy,title,,同名异版，人工复核是否登记新版,N/A,人身保险新型产品信息披露管理暂行办法,,nfra,RFN-3f113686e748a98f
,人身保险产品审批和备案管理办法,legacy,title,,同名异版，人工复核是否登记新版,保监会令〔2004〕6号,人身保险产品审批和备案管理办法,,nfra,RFN-35efc275afb4df57
,保险公司偿付能力额度及监管指标管理规定,legacy,title,,同名异版，人工复核是否登记新版,保监发[2001]53号,保险公司偿付能力额度及监管指标管理规定,,nfra,RFN-8ddaa2d599ece982
保监发〔2006〕5号,关于实施分类监管信息报送有关事宜的通知（寿险公司）（已失效）,legacy,title,,同名异版，人工复核是否登记新版,保监寿险〔2008〕1566号,关于实施分类监管信息报送有关事宜的通知（寿险公司）（已失效）,,nfra,RFN-3b40544dd49885be
国发〔2015〕11号,中国保监会关于印发《保险公司资本保证金管理办法》的通知,legacy,title,,同名异版，人工复核是否登记新版,保监发〔2015〕37号,中国保监会关于印发《保险公司资本保证金管理办法》的通知,,nfra,RFN-198b0a3f770628a7
国发〔2014〕29号,中国保监会关于保险资金投资政府和社会资本合作项目有关事项的通知,legacy,title,,同名异版，人工复核是否登记新版,保监发〔2017〕41号,中国保监会关于保险资金投资政府和社会资本合作项目有关事项的通知,,nfra,RFN-f1310e01c0706482
银发〔2022〕175号,中国人民银行 中国银行保险监督管理委员会关于保险公司发行无固定期限资本债券有关事项的通知,legacy,title,,同名异版，人工复核是否登记新版,关于保险公司发行无固定期限资本债券银发〔2022〕175号,中国人民银行 中国银行保险监督管理委员会关于保险公司发行无固定期限资本债券有关事项的通知,,nfra,RFN-dddd4931464533fa
银发〔2023〕208号,中国人民银行 国家金融监督管理总局关于印发《系统重要性保险公司评估办法》的通知,legacy,title,,同名异版，人工复核是否登记新版,国家金融监督管理总局关于银发〔2023〕208号,中国人民银行 国家金融监督管理总局关于印发《系统重要性保险公司评估办法》的通知,,nfra,RFN-d57b46072751dc21
发改〔2010〕169号,关于规范报送《保险公司治理报告》的通知,legacy,title,,同名异版，人工复核是否登记新版,保监发改〔2010〕169号,关于规范报送《保险公司治理报告》的通知,,nfra,RFN-9ce8ec282f0526f8
保监发〔2010〕89号,关于印发《人身保险公司年度全面风险管理报告框架》及风险监测指标的通知,legacy,title,,同名异版，人工复核是否登记新版,保监寿险〔2012〕193号,关于印发《人身保险公司年度全面风险管理报告框架》及风险监测指标的通知,,nfra,RFN-acd93c63e93e8743
保监厅发〔2014〕70号,中国保监会关于进一步规范报送《保险公司治理报告》的通知,legacy,title,,同名异版，人工复核是否登记新版,保监发改〔2015〕95号,中国保监会关于进一步规范报送《保险公司治理报告》的通知,,nfra,RFN-19067d53c35e632c
金办发〔2025〕19号,国家金融监督管理总局办公厅关于进一步扩大金融资产投资公司股权投资试点的通知,legacy,title,,同名异版，人工复核是否登记新版,金办发〔2025】19号,国家金融监督管理总局办公厅关于进一步扩大金融资产投资公司股权投资试点的通知,,supp,RFN-9d6751177b26d220
,关于加强保险资金风险管理的意见,legacy,title,,同名异版，人工复核是否登记新版,N/A,关于加强保险资金风险管理的意见,,nfra,RFN-970309c80fd69a0f
保监会令〔2012〕1号,保险公司控股股东管理办法,legacy,title,,同名异版，人工复核是否登记新版,N/A,保险公司控股股东管理办法,,nfra,RFN-0ee86948e7059ffb
保监会令〔2008〕4号,保险公司财务负责人任职资格管理规定,legacy,title,,同名异版，人工复核是否登记新版,N/A,保险公司财务负责人任职资格管理规定,,nfra,RFN-ea0b8b543675e41c
,财政部 证监会 审计署 银监会 保监会关于印发《企业内部控制基本规范》的通知,legacy,title,,同名异版，人工复核是否登记新版,N/A,财政部 证监会 审计署 银监会 保监会关于印发《企业内部控制基本规范》的通知,,nfra,RFN-76cc011d21ed3195
财会字〔1997〕21号,企业会计准则关联方关系及其交易的披露,legacy,title,,同名异版，人工复核是否登记新版,,企业会计准则关联方关系及其交易的披露,,supp,RFN-0a0662ee669a6523
,中华人民共和国公司法,legacy,title,,同名异版，人工复核是否登记新版,N/A,中华人民共和国公司法,,pbc,RFN-936a1959c84fb2c5
,关于修改《保险公司高级管理人员任职资格管理规定》有关条文的决定,legacy,title,,同名异版，人工复核是否登记新版,N/A,关于修改《保险公司高级管理人员任职资格管理规定》有关条文的决定,,nfra,RFN-4c8943024a0dad29
,保险公司高级管理人员任职资格管理规定,legacy,title,,同名异版，人工复核是否登记新版,N/A,保险公司高级管理人员任职资格管理规定,,nfra,RFN-f432dd77b4336bd4
,保险公司董事和高级管理人员任职资格管理规定,legacy,title,,同名异版，人工复核是否登记新版,N/A,保险公司董事和高级管理人员任职资格管理规定,,nfra,RFN-542be408992d9b6c
,保险资金境外投资管理暂行办法,legacy,title,,同名异版，人工复核是否登记新版,人民银行令〔2004〕9号,保险资金境外投资管理暂行办法,,nfra,RFN-5664287c8e0abdf3
保监会令〔2013〕4号,非保险机构投资境外保险类企业管理办法（保监会令2013年第4号）,legacy,title,,同名异版，人工复核是否登记新版,N/A,非保险机构投资境外保险类企业管理办法（保监会令2013年第4号）,,nfra,RFN-d9e570ad3732a7a1
国发〔2014〕29号,中国保监会关于保险资金投资创业投资基金有关事项的通知,legacy,title,,同名异版，人工复核是否登记新版,保监发〔2014〕101号,中国保监会关于保险资金投资创业投资基金有关事项的通知,,nfra,RFN-fe73537cf9518f03
国家发展和改革委员会令2017年第11号,企业境外投资管理办法,legacy,title,,同名异版，人工复核是否登记新版,发改委（2017）11号,企业境外投资管理办法,,supp,RFN-9b74f07a1333096a
保监会令〔2010〕9号,保险资金运用管理办法,legacy,title,,同名异版，人工复核是否登记新版,保险资金运用管理办法保监会令〔2018〕1号,保险资金运用管理办法,,nfra,RFN-e3d01cc01869fafc
国发〔2014〕43号,中国保监会 财政部关于加强保险资金运用管理 支持防范化解地方政府债务风险的指导意见,legacy,title,,同名异版，人工复核是否登记新版,保监发〔2018〕6号,中国保监会 财政部关于加强保险资金运用管理 支持防范化解地方政府债务风险的指导意见,,nfra,RFN-9377e5986668cec6
保监会令〔2016〕2号,保险资金间接投资基础设施项目管理办法,legacy,title,,同名异版，人工复核是否登记新版,N/A,保险资金间接投资基础设施项目管理办法,,nfra,RFN-8524c44509f7af89
,保险机构投资者股票投资管理暂行办法,legacy,title,,同名异版，人工复核是否登记新版,N/A,保险机构投资者股票投资管理暂行办法,,nfra,RFN-12cf62e3a31125ba
,保险资产管理公司管理暂行规定,legacy,title,,同名异版，人工复核是否登记新版,N/A,保险资产管理公司管理暂行规定,,nfra,RFN-7df79dfa0ca9273d
,关于印发《保险机构债券投资信用评级指引（试行）》的通知,legacy,title,,同名异版，人工复核是否登记新版,N/A,关于印发《保险机构债券投资信用评级指引（试行）》的通知,,nfra,RFN-982b10b931bbf439
国发〔2013〕35号,中国保监会关于印发《保险养老社区统计制度》的通知,legacy,title,,同名异版，人工复核是否登记新版,保监发〔2014〕107号,中国保监会关于印发《保险养老社区统计制度》的通知,,nfra,RFN-6d375356b1fc52a3
国发〔2013〕35号,中国保监会关于开展老年人住房反向抵押养老保险试点的指导意见,legacy,title,,同名异版，人工复核是否登记新版,保监发〔2014〕53号,中国保监会关于开展老年人住房反向抵押养老保险试点的指导意见,,nfra,RFN-631954dd3b562f8e
国办发〔2015〕57号,中国保监会关于印发《大病保险统计制度》的通知,legacy,title,,同名异版，人工复核是否登记新版,保监发〔2015〕105号,中国保监会关于印发《大病保险统计制度》的通知,,nfra,RFN-58dc072cb618f4a3
国发〔2013〕35号,中国保监会关于印发《老年人住房反向抵押养老保险试点统计制度》的通知,legacy,title,,同名异版，人工复核是否登记新版,保监发〔2015〕2号,中国保监会关于印发《老年人住房反向抵押养老保险试点统计制度》的通知,,nfra,RFN-26cc8f88f549e43e
国办发〔2015〕57号,中国保监会关于印发《保险公司城乡居民大病保险投标管理暂行办法》等制度的通知,legacy,title,,同名异版，人工复核是否登记新版,保监发〔2016〕86号,中国保监会关于印发《保险公司城乡居民大病保险投标管理暂行办法》等制度的通知,,nfra,RFN-9cf7ceade4f13ea1
国发〔2013〕35号,中国保监会关于延长老年人住房反向抵押养老保险试点期间并扩大试点范围的通知,legacy,title,,同名异版，人工复核是否登记新版,保监发〔2016〕55号,中国保监会关于延长老年人住房反向抵押养老保险试点期间并扩大试点范围的通知,,nfra,RFN-499af08f2e4fdabf
中国银行保险监督管理委员会令〔2019〕3号,健康保险管理办法（中国银行保险监督管理委员会令2019年第3号）,legacy,title,,同名异版，人工复核是否登记新版,N/A,健康保险管理办法（中国银行保险监督管理委员会令2019年第3号）,,nfra,RFN-bfd71798c8acfe26
公告2022年第34号,关于个人养老金有关个人所得税政策的公告,legacy,title,,同名异版，人工复核是否登记新版,财政部 税务总局公告2022年第34号,关于个人养老金有关个人所得税政策的公告,,mof,RFN-f6b71b89b644f82d
公告2024年21号,关于在全国范围实施个人养老金个人所得税优惠政策的公告,legacy,title,,同名异版，人工复核是否登记新版,财政部、税务总局公告2024年21号,关于在全国范围实施个人养老金个人所得税优惠政策的公告,,mof,RFN-2f005ad7b1c2f297
中国保险监督管理委员会令〔2007〕4号,保险公司养老保险业务管理办法,legacy,title,,同名异版，人工复核是否登记新版,N/A,保险公司养老保险业务管理办法,,nfra,RFN-e2c5cd1ddca78420
,健康保险管理办法,legacy,title,,同名异版，人工复核是否登记新版,N/A,健康保险管理办法,,nfra,RFN-45b8541b770ec99e
国发〔1998〕44号,关于配合社会基本医疗保险体制改革有关问题的通知（已失效）,legacy,title,,同名异版，人工复核是否登记新版,保监发[1999]7号,关于配合社会基本医疗保险体制改革有关问题的通知（已失效）,,nfra,RFN-fe6795164f58c973
中国人民银行令〔2006〕第1号,中国人民银行令〔2006〕第1号（金融机构反洗钱规定）,legacy,title,,同名异版，人工复核是否登记新版,N/A,中国人民银行令〔2006〕第1号（金融机构反洗钱规定）,,pbc,RFN-1d4569b0c83b8ca6
保监发〔2006〕26号,关于建立治理商业贿赂专项工作联系点的通知,legacy,title,,同名异版，人工复核是否登记新版,保监办〔2006〕362号,关于建立治理商业贿赂专项工作联系点的通知,,nfra,RFN-193d5f3bfd72bede
,金融业经营者集中申报营业额计算办法,legacy,title,,同名异版，人工复核是否登记新版,商务部 中国人民银行 银监会 证监会 保监会令[2009]10号,金融业经营者集中申报营业额计算办法,,supp,RFN-0ed1619c9f3b01f0
银办发〔2014〕263号,中国人民银行办公厅关于落实《金融机构反洗钱监督管理办法（试行）》有关事项的通知（银办发〔2014〕263号）,legacy,title,,同名异版，人工复核是否登记新版,〔2014〕263号,中国人民银行办公厅关于落实《金融机构反洗钱监督管理办法（试行）》有关事项的通知（银办发〔2014〕263号）,,pbc,RFN-19f865fb9d7b3de0
中国人民银行令〔2016〕第3号,中国人民银行令〔2025〕第10号（中国人民银行关于修改和废止部分规章的决定）,legacy,title,,同名异版，人工复核是否登记新版,中国人民银行令〔2025〕第10号,中国人民银行令〔2025〕第10号（中国人民银行关于修改和废止部分规章的决定）,,pbc,RFN-0fc9aeefcbbefd05
银办发〔2018〕130号,中国人民银行办公厅关于进一步加强反洗钱和反恐怖融资工作的通知（银办发〔2018〕130号）,legacy,title,,同名异版，人工复核是否登记新版,N/A,中国人民银行办公厅关于进一步加强反洗钱和反恐怖融资工作的通知（银办发〔2018〕130号）,,pbc,RFN-0fd9409edddf24bf
保监会令〔2019〕1号,银行业金融机构反洗钱和反恐怖融资管理办法,legacy,title,,同名异版，人工复核是否登记新版,银保监会令[2019]1号,银行业金融机构反洗钱和反恐怖融资管理办法,,nfra,RFN-73a29788b6ddf06c
,金融机构客户身份识别和客户身份资料及交易记录保存管理办法,legacy,title,,同名异版，人工复核是否登记新版,N/A,金融机构客户身份识别和客户身份资料及交易记录保存管理办法,,nfra,RFN-9049baa41cac759b
,保险业重大突发事件应急处理规定,legacy,title,,同名异版，人工复核是否登记新版,N/A,保险业重大突发事件应急处理规定,,nfra,RFN-d1e9c4ec9864d827
中国银行保险监督管理委员会令〔2018〕2号,保险公司信息披露管理办法（中国银行保险监督管理委员会令2018年第2号),legacy,title,,同名异版，人工复核是否登记新版,保监统信〔2010〕604号,保险公司信息披露管理办法（中国银行保险监督管理委员会令2018年第2号),,nfra,RFN-a38358ef731da863
中国保险监督管理委员会令2013年第1号,保险统计管理规定,legacy,title,,同名异版，人工复核是否登记新版,保监会令2013年第1号,保险统计管理规定,,supp,RFN-ede89d168c2c1a56
国发〔2015〕11号,中国保监会关于取消和调整一批行政审批项目等事项的通知,legacy,title,,同名异版，人工复核是否登记新版,保监发〔2015〕35号,中国保监会关于取消和调整一批行政审批项目等事项的通知,,nfra,RFN-9b5d48235a21a6cf
,再保险公司设立规定,legacy,title,,同名异版，人工复核是否登记新版,N/A,再保险公司设立规定,,nfra,RFN-a1164d47f2059174
保监会令〔2015〕3号,中国保险监督管理委员会关于修改《保险公司设立境外保险类机构管理办法》等八部规章的决定,legacy,title,,同名异版，人工复核是否登记新版,N/A,中国保险监督管理委员会关于修改《保险公司设立境外保险类机构管理办法》等八部规章的决定,,nfra,RFN-a34feee980218d0d
,保险公司保险业务转让管理暂行办法,legacy,title,,同名异版，人工复核是否登记新版,N/A,保险公司保险业务转让管理暂行办法,,nfra,RFN-dfb8fd4c91ecf924
,保险许可证管理办法,legacy,title,,同名异版，人工复核是否登记新版,N/A,保险许可证管理办法,,nfra,RFN-a886b72c2e0c765d
中国银行业监督管理委员会令〔2004〕6号,银行保险监管统计管理办法,legacy,title,,同名异版，人工复核是否登记新版,N/A,银行保险监管统计管理办法,,nfra,RFN-646dc8a542fbd107
,保险统计管理暂行规定,legacy,title,,同名异版，人工复核是否登记新版,N/A,保险统计管理暂行规定,,nfra,RFN-343f71b90c38ef6c
中华人民共和国主席令第72号,中华人民共和国个人信息保护法,legacy,title,,同名异版，人工复核是否登记新版,,中华人民共和国个人信息保护法,,supp,RFN-0a354aa38c08bc67
中华人民共和国主席令第22号,中华人民共和国广告法,legacy,title,,同名异版，人工复核是否登记新版,,中华人民共和国广告法,,supp,RFN-74a3e0f2c57f7302
中华人民共和国主席令第84号,中华人民共和国数据安全法,legacy,title,,同名异版，人工复核是否登记新版,,中华人民共和国数据安全法,,supp,RFN-043b3b9f875acdaf
,中国银保监会2022年规章立法工作计划,legacy,title,,同名异版，人工复核是否登记新版,N/A,中国银保监会2022年规章立法工作计划,,nfra,RFN-a3cd627cf001d29f
,关于对取得国外精算师资格的拟任总精算师进行考核的通知（已失效）,legacy,title,,同名异版，人工复核是否登记新版,N/A,关于对取得国外精算师资格的拟任总精算师进行考核的通知（已失效）,,nfra,RFN-597cce52d6ec9560
平保发〔1999〕081号,关于保险条款中有关违法犯罪行为作为除外责任含义的批复,legacy,title,,同名异版，人工复核是否登记新版,保监复[1999]168号,关于保险条款中有关违法犯罪行为作为除外责任含义的批复,,nfra,RFN-1fde854770f62ca5
平保发〔1999〕144号,关于索赔期限有关问题的批复,legacy,title,,同名异版，人工复核是否登记新版,保监复[1999]256号,关于索赔期限有关问题的批复,,nfra,RFN-1875a1d068ecadf9
国办发〔2003〕3号,关于完善保险业参与新型农村合作医疗试点工作的若干指导意见（已废止）,legacy,title,,同名异版，人工复核是否登记新版,保监发〔2005〕95号,关于完善保险业参与新型农村合作医疗试点工作的若干指导意见（已废止）,,nfra,RFN-3a158f66a8d6e6b6
保监发〔2004〕76号,关于投资连结型团体年金保险、万能型团体年金保险风险保额有关问题的批复,legacy,title,,同名异版，人工复核是否登记新版,保监寿险〔2005〕867号,关于投资连结型团体年金保险、万能型团体年金保险风险保额有关问题的批复,,nfra,RFN-89617aa386e8aaf9
公告2026年第10号,关于增值税法施行后增值税优惠政策衔接事项的公告,legacy,title,,同名异版，人工复核是否登记新版,财政部 税务总局公告2026年第10号,关于增值税法施行后增值税优惠政策衔接事项的公告,,mof,RFN-d9c806f538c7459e
公告2026年第9号,关于增值税征税具体范围有关事项的公告,legacy,title,,同名异版，人工复核是否登记新版,财政部 税务总局公告2026年第9号,关于增值税征税具体范围有关事项的公告,,mof,RFN-066a224049dcdc3c
保监会令〔2004〕4号,中国银保监会关于修改《中华人民共和国外资保险公司管理条例实施细则》的决定,legacy,title,,同名异版，人工复核是否登记新版,N/A,中国银保监会关于修改《中华人民共和国外资保险公司管理条例实施细则》的决定,,nfra,RFN-1a58e6f945058610
保监发〔2015〕102号,中国保监会办公厅关于启动中国保险业保单登记管理信息平台第三期建设的通知,legacy,title,,同名异版，人工复核是否登记新版,保监人身险〔2017〕209号,中国保监会办公厅关于启动中国保险业保单登记管理信息平台第三期建设的通知,,nfra,RFN-3892677cdf5d7ecc
中国银行业监督管理委员会中国证券监督管理委员会中国保险监督管理委员会公告〔2017〕14号,国家税务总局 财政部 中国人民银行 银监会 证监会 保监会关于发布《非居民金融账户涉税信息尽职调查管理办法》的公告,legacy,title,,同名异版，人工复核是否登记新版,N/A,国家税务总局 财政部 中国人民银行 银监会 证监会 保监会关于发布《非居民金融账户涉税信息尽职调查管理办法》的公告,,nfra,RFN-afb646fee1fa0c25
国发〔2014〕29号,中国保监会关于印发《中国保险业发展“十三五”规划纲要》的通知,legacy,title,,同名异版，人工复核是否登记新版,保监发〔2016〕74号,中国保监会关于印发《中国保险业发展“十三五”规划纲要》的通知,,nfra,RFN-8d034d52a8baa74e
国发〔2015〕13号,中国保监会关于印发《中国保险业标准化“十三五”规划》的通知,legacy,title,,同名异版，人工复核是否登记新版,保监发〔2016〕73号,中国保监会关于印发《中国保险业标准化“十三五”规划》的通知,,nfra,RFN-209a68b6d192b73d
国发〔2014〕29号,中国保监会办公厅、北京市金融工作局、北京市石景山区人民政府关于印发《关于加快推动北京保险产业园创新发展的实施办法》的通知,legacy,title,,同名异版，人工复核是否登记新版,保监厅发〔2015〕83号,中国保监会办公厅、北京市金融工作局、北京市石景山区人民政府关于印发《关于加快推动北京保险产业园创新发展的实施办法》的通知,,nfra,RFN-0954ada2061d54e9
国发〔2014〕29号,中国保监会 天津市人民政府关于加强保险业服务天津自贸试验区建设和京津冀协同发展等重大国家战略的意见,legacy,title,,同名异版，人工复核是否登记新版,保监发〔2015〕65号,中国保监会 天津市人民政府关于加强保险业服务天津自贸试验区建设和京津冀协同发展等重大国家战略的意见,,nfra,RFN-90253ef97fd4f33e
国发〔2012〕21号,中国保监会关于保险业对口支援江西省赣州市定南县等原中央苏区振兴发展的指导意见,legacy,title,,同名异版，人工复核是否登记新版,保监发〔2014〕23号,中国保监会关于保险业对口支援江西省赣州市定南县等原中央苏区振兴发展的指导意见,,nfra,RFN-bab6f1d840e8764e
国办发〔2013〕67号,中国保监会关于保险业支持经济结构调整和转型升级的指导意见,legacy,title,,同名异版，人工复核是否登记新版,保监发〔2013〕69号,中国保监会关于保险业支持经济结构调整和转型升级的指导意见,,nfra,RFN-091f79fe4e660f39
国发〔2006〕23号,关于印发《中国保险业发展“十二五”规划纲要》的通知,legacy,title,,同名异版，人工复核是否登记新版,保监发〔2011〕47号,关于印发《中国保险业发展“十二五”规划纲要》的通知,,nfra,RFN-c906d3c0876f1680
国发〔2009〕30号,关于保险业支持文化产业发展有关工作的通知,legacy,title,,同名异版，人工复核是否登记新版,保监发〔2010〕109号,关于保险业支持文化产业发展有关工作的通知,,nfra,RFN-5b2fa0008616d1cf
国发〔2010〕21号,中国保监会关于第五批取消行政审批项目的通知,legacy,title,,同名异版，人工复核是否登记新版,保监发〔2010〕75号,中国保监会关于第五批取消行政审批项目的通知,,nfra,RFN-8615ad49a2a4ff13
国发〔2009〕12号,关于保险业深入贯彻医改意见 积极参与多层次医疗保障体系建设的意见,legacy,title,,同名异版，人工复核是否登记新版,保监发〔2009〕71号,关于保险业深入贯彻医改意见 积极参与多层次医疗保障体系建设的意见,,nfra,RFN-f76b806101d71f4a
国发〔2006〕20号,关于加快天津滨海新区保险改革试验区创新发展的意见,legacy,title,,同名异版，人工复核是否登记新版,保监发〔2007〕110号,关于加快天津滨海新区保险改革试验区创新发展的意见,,nfra,RFN-28592205e5bf65d0
国发〔2006〕23号,关于印发《关于推进保险合同纠纷快速处理机制试点工作的指导意见》的通知,legacy,title,,同名异版，人工复核是否登记新版,保监法规〔2007〕427号,关于印发《关于推进保险合同纠纷快速处理机制试点工作的指导意见》的通知,,nfra,RFN-43787614b41f70d6
,保险代理机构管理规定（已废止）,legacy,title,,同名异版，人工复核是否登记新版,保监会令[2001]4号,保险代理机构管理规定（已废止）,,nfra,RFN-d0c1746c53b0665a
国办发〔2003〕61号,关于印发《中国保监会关于加强保险行业协会建设的指导意见》的通知（已废止）,legacy,title,,同名异版，人工复核是否登记新版,保监发〔2004〕17号,关于印发《中国保监会关于加强保险行业协会建设的指导意见》的通知（已废止）,,nfra,RFN-d63780aab73653cc
中国证券监督管理委员会令〔2022〕第1号,中国人民银行 中国银行保险监督管理委员会 中国证券监督管理委员会令〔2022〕第1号（金融机构客户尽职调查和客户身份资料及交易记录保存管理办法）,legacy,title,,同名异版，人工复核是否登记新版,〔2022〕第1号,中国人民银行 中国银行保险监督管理委员会 中国证券监督管理委员会令〔2022〕第1号（金融机构客户尽职调查和客户身份资料及交易记录保存管理办法）,,pbc,RFN-2d7c38ba49a7bec5
公告2025年第15号,关于保险合同准则转换有关企业所得税处理事项的公告,legacy,title,,同名异版，人工复核是否登记新版,财政部 税务总局公告2025年第15号,关于保险合同准则转换有关企业所得税处理事项的公告,,mof,RFN-f8f89bbed0acaedf
,科技部 金融监管总局 工业和信息化部 国家知识产权局印发《关于加快推动科技保险高质量发展 有力支撑高水平科技自立自强的若干意见》的通知,legacy,title,,同名异版，人工复核是否登记新版,N/A,科技部 金融监管总局 工业和信息化部 国家知识产权局印发《关于加快推动科技保险高质量发展 有力支撑高水平科技自立自强的若干意见》的通知,,nfra,RFN-fd23ced41244be9d
证监会公告〔2020〕12号,中国证券监督管理委员会、财政部、中国人民银行、中国银行保险监督管理委员会关于商业银行、保险机构参与中国金融期货交易所国债期货交易的公告,legacy,title,,同名异版，人工复核是否登记新版,保险机构参与中国金融期货证监会公告〔2020〕12号,中国证券监督管理委员会、财政部、中国人民银行、中国银行保险监督管理委员会关于商业银行、保险机构参与中国金融期货交易所国债期货交易的公告,,nfra,RFN-0bab2c662362a3b1
中国银行保险监督管理委员会令〔2019〕1号,银行业金融机构反洗钱和反恐怖融资管理办法（中国银行保险监督管理委员会令2019年第1号）,legacy,title,,同名异版，人工复核是否登记新版,N/A,银行业金融机构反洗钱和反恐怖融资管理办法（中国银行保险监督管理委员会令2019年第1号）,,nfra,RFN-ba99e1d3cdba2d2f
中华人民共和国国务院令第247号,中国银保监会关于银行业和保险业做好扫黑除恶专项斗争有关工作的通知,legacy,title,,同名异版，人工复核是否登记新版,中国银保监会关于银行业和保险业做好扫黑除恶专项斗争有关工作的通知银保监发〔2018〕45号,中国银保监会关于银行业和保险业做好扫黑除恶专项斗争有关工作的通知,,nfra,RFN-635f918856e44fe0
国办发〔2015〕81号,中国保监会关于印发《中国保监会关于加强保险消费风险提示工作的意见》的通知,legacy,title,,同名异版，人工复核是否登记新版,保监发〔2017〕66号,中国保监会关于印发《中国保监会关于加强保险消费风险提示工作的意见》的通知,,nfra,RFN-3678cb752c5eda74
国发〔2015〕13号,中国保监会关于印发《深化保险标准化工作改革方案》的通知,legacy,title,,同名异版，人工复核是否登记新版,保监发〔2016〕15号,中国保监会关于印发《深化保险标准化工作改革方案》的通知,,nfra,RFN-7d3684c4a1ea4c21
国发〔2014〕29号,中国保监会关于印发《保险业功能服务指标体系》的通知,legacy,title,,同名异版，人工复核是否登记新版,保监发〔2015〕129号,中国保监会关于印发《保险业功能服务指标体系》的通知,,nfra,RFN-dcdc09f305205cdb
中国保险监督管理委员会令〔2010〕5号,中国保险监督管理委员会行政处罚程序规定（2015年修订）,legacy,title,,同名异版，人工复核是否登记新版,N/A,中国保险监督管理委员会行政处罚程序规定（2015年修订）,,nfra,RFN-b7c9a94d4eb64cf7
保监会令〔2015〕2号,中国保险监督管理委员会关于修改《中国保险监督管理委员会行政处罚程序规定》的决定,legacy,title,,同名异版，人工复核是否登记新版,N/A,中国保险监督管理委员会关于修改《中国保险监督管理委员会行政处罚程序规定》的决定,,nfra,RFN-01e25fd1bd2c5bc5
国发〔2007〕35号,关于开展第二次保险业经济普查的通知（已失效）,legacy,title,,同名异版，人工复核是否登记新版,国经普办字〔2008〕16号,关于开展第二次保险业经济普查的通知（已失效）,,nfra,RFN-950d630b983fa780
国发〔2006〕20号,关于印发《天津滨海新区补充养老保险试点实施细则》的通知,legacy,title,,同名异版，人工复核是否登记新版,保监厅发〔2008〕32号,关于印发《天津滨海新区补充养老保险试点实施细则》的通知,,nfra,RFN-ddef688f33867b98
国发〔2006〕23号,关于保险业新会计准则培训有关事项的通知（已失效）,legacy,title,,同名异版，人工复核是否登记新版,保监财会〔2006〕1142号,关于保险业新会计准则培训有关事项的通知（已失效）,,nfra,RFN-9d59496ff1f52318
,关于报送保险业商业贿赂案件查处情况的通知（已废止）,legacy,title,,同名异版，人工复核是否登记新版,N/A,关于报送保险业商业贿赂案件查处情况的通知（已废止）,,nfra,RFN-38217405ecdde580
,保险资金间接投资基础设施项目试点管理办法,legacy,title,,同名异版，人工复核是否登记新版,N/A,保险资金间接投资基础设施项目试点管理办法,,nfra,RFN-490663777515ebff
发改〔2005〕272号,关于印发《保险公司开业验收指引（试行）》的通知（已废止）,legacy,title,,同名异版，人工复核是否登记新版,保监发改〔2005〕272号,关于印发《保险公司开业验收指引（试行）》的通知（已废止）,,nfra,RFN-b99f3e470b7d541f
,保险经纪机构管理规定（已废止）,legacy,title,,同名异版，人工复核是否登记新版,保监会令[2001]5号,保险经纪机构管理规定（已废止）,,nfra,RFN-618dc2b29e8a780c
国办发〔2003〕61号,关于就商业保险合同监管主体问题做好有关协调工作的通知,legacy,title,,同名异版，人工复核是否登记新版,保监发〔2004〕32号,关于就商业保险合同监管主体问题做好有关协调工作的通知,,nfra,RFN-1d04d79e9ca9f279
国办发〔1996〕22号,关于在保险条款中设立仲裁条款的通知（已废止）,legacy,title,,同名异版，人工复核是否登记新版,保监发[1999]147号,关于在保险条款中设立仲裁条款的通知（已废止）,,nfra,RFN-e6bde4bd4b9b74a5
保监发〔2005〕49号,关于违规受处罚的保险公司申请设立营销服务部有关问题的批复,legacy,title,,同名异版，人工复核是否登记新版,保监法规〔2005〕318号,关于违规受处罚的保险公司申请设立营销服务部有关问题的批复,,nfra,RFN-8e37d9471a591f1d
,中国银行业监督管理委员会关于香港和澳门银行内地分行从事代理保险业务的公告,legacy,title,,同名异版，人工复核是否登记新版,N/A,中国银行业监督管理委员会关于香港和澳门银行内地分行从事代理保险业务的公告,,nfra,RFN-5b880a50f3d380a3
银办发〔2016〕270号,中国人民银行办公厅 保监会办公厅关于投保人与被保险人、受益人关系确认有关事项的通知(银办发〔2016〕270号),legacy,title,,同名异版，人工复核是否登记新版,〔2016〕270号,中国人民银行办公厅 保监会办公厅关于投保人与被保险人、受益人关系确认有关事项的通知(银办发〔2016〕270号),,pbc,RFN-85c3f92ede073430
,,,absent,保监会令〔2018〕3号,,,,保险经纪人监管规定,,RFN-94a1e55c54595567
,,,absent,保监会令〔2018〕2号,,,,保险公估人监管规定,,RFN-fdd4c59c39fd50f8
,,,absent,人力资源社会保障部 财政部 国家税务总局 银保监会 证监会令2022年第1号（人社部发〔2022〕70号）,,,,个人养老金实施办法,,RFN-baaf0465f25ad2db
,,,absent,人民银行等八部门公告〔2026〕第9号,,,,金融产品网络营销管理办法,,RFN-f58d1c0e8ee56049
,,,absent,中保协发[2009]161号,,,,关于推荐使用《人身保险产品条款部分条目示范写法》的通知,,RFN-74b1a1c1af6fe254
,,,absent,保监发[2010]33号,,,,关于普通型定期寿险、普通型终身寿险费率厘定等有关问题的通知,,RFN-01f0ad6d44e1fe03
,,,absent,,,,,《重大疾病保险的疾病定义使用规范（2020年修订版）》,,RFN-852c15ce86dd9c4d
,,,absent,人身险部函〔2021〕31号,,,,中国银行保险监督管理委员会人身保险监管部关于印发人身保险产品“负面清单”（2021版）的通知,,RFN-db229545ea3af41c
,,,absent,金办便函〔2024〕1001号,,,,国家金融监督管理总局办公厅关于平稳有序做好人身保险产品切换有关工作的通知,,RFN-8faaef0d177f0833
,,,absent,金寿险函〔2025〕374号,,,,《关于分红险分红水平监管意见的函》,,RFN-b1cbe84836cab870
,,,absent,N/A,,,,最高人民法院关于适用《中华人民共和国保险法》若干问题的解释（二）,,RFN-0e6d9c69e4edbc7d
,,,absent,N/A,,,,最高人民法院关于适用《中华人民共和国保险法》若干问题的解释（三）,,RFN-95cbe708c5480faa
,,,absent,中保协 2026-03-27,,,,保险产品适当性管理自律规范,,RFN-0342cae3577bd20a
,,,absent,财税[2001]118号,,,,财政部 国家税务总局关于人寿保险业务免征营业税若干问题的通知（部分失效）,,RFN-e606f42bed9a08df
,,,absent,保监会令〔2004〕10号,,,,保险公司次级定期债务管理办法,,RFN-28384a7adbcc5554
,,,absent,N/A,,,,中华人民共和国增值税法,,RFN-0a88218a43d6dc15
,,,absent,保监厅函[2008]280号,,,,关于外资保险公司关联交易范围界定问题的复函,,RFN-5c48b19fb517126a
,,,absent,保监发改[2010]1199号,,,,关于重大关联交易认定有关事宜的复函,,RFN-b49620ff58101c1f
,,,absent,保监发[2014]96号,,,,中国保监会关于印发《保险集团并表监管指引》的通知,,RFN-2c5e83fa905aa605
,,,absent,银反洗发[2018]19号,,,,中国人民反洗钱局关于印发《法人金融机构洗钱和恐怖融资风险管理指引（试行）》的通知,,RFN-b34fbb60ffbcad24
,,,absent,资金部函〔2018〕34,,,,关于加强保险资金股权投资事后报告监管机制有关事项的通知,,RFN-5e20e46825f7932a
,,,absent,资金部函（2018）35号,,,,关于印发《保险资金股权投资信息报告监管口径》的通知,,RFN-59ace91697b74b57
,,,absent,保监会令〔2018〕5号,,,,保险公司股权管理办法,,RFN-af8219392e2fe4c6
,,,absent,中保协发〔2022〕12号,,,,中国保险行业协会关于印发《保险公司股东权利义务手册》的通知,,RFN-9e622ad84f805d10
,,,absent,中国保险行业协会　2024年1月,,,,保险公司资金运用关联交易管理制度标准,,RFN-905dd958d5b846cb
,,,absent,中国保险行业协会　2024年1月,,,,保险机构资金运用关联交易自律规则,,RFN-12ec06650d1a1479
,,,absent,（中国保险资产管理业协会　2023年4月）,,,,保险资产管理业从业人员职业操守和行为准则,,RFN-4ee952d21944ab4d
,,,absent,（中国保险资产管理业协会2023年4月）,,,,中国保险资产管理业协会自律监督检查工作暂行办法,,RFN-c0276de758b9f668
,,,absent,（中国保险资产管理业协会2023年4月）,,,,中国保险资产管理业协会自律评价管理办法,,RFN-52aa9120bc5387cc
,,,absent,中国人民银行公开市场业务公告（〔2024〕第6号）,,,,中国人民银行公开市场业务公告〔2024〕第6号—关于接受符合条件的证券、基金、保险公司申报的公告,,RFN-e4fa67e6508db993
,,,absent,,,,,保险公司投资管理能力信息披露自律管理准则(试行),,RFN-3ca8855e25c015c3
,,,absent,N/A,,,,中华人民共和国证券法,,RFN-6d60dc2df66d2260
,,,absent,N/A,,,,保险资金运用管理暂行办法,,RFN-83b739eb62cef7fc
,,,absent,,,,,关于保险公司开展个人养老金业务有关工作提示,,RFN-81935050acb430e5
,,,absent,银发[2007]34号,,,,中国人民银行关于印发《保险业大额交易和可疑交易报告要素释义》和《保险业大额交易和可疑交易报告数据报送接口规范[试行]》的通知,,RFN-7ec32a236e309d62
,,,absent,银发[2008]248号,,,,中国人民银行关于印发银行业、证券期货业、保险业大额交易和可疑交易报告数据报送接口规范的通知,,RFN-26b5064bb2b4a3bd
,,,absent,银发[2009]123号,,,,中国人民银行关于进一步严格大额交易和可疑交易报告报送情况的通报,,RFN-51f149a2c6b49e3f
,,,absent,银办发[2009]151号,,,,中国人民银行办公厅关于进一步加强银行卡业务反洗钱工作的通知,,RFN-ce7a37583a65d386
,,,absent,银发[2010]48号,,,,中国人民银行关于明确可疑交易报告制度有关执行问题的通知,,RFN-49745450d2099735
,,,absent,银办发[2014]62号,,,,中国人民银行办公厅关于进一步加强金融机构和支付机构反恐怖融资工作的通知,,RFN-c6521cc354fb98c3
,,,absent,中国人民银行 公安部 国家安全部令[2014]第1号,,,,涉及恐怖活动资产冻结管理办法,,RFN-136eb6fb5aa95c8c
,,,absent,中国人民银行令〔2016〕第3号,,,,金融机构大额交易和可疑交易报告管理办法,,RFN-6ddcdb7ddcef4f2c
,,,absent,保监会令〔2017〕1号,,,,中国保险监督管理委员会行政处罚程序规定,,RFN-1540c2ebea0b9c67
,,,absent,N/A,,,,中华人民共和国反洗钱法,,RFN-8ea5ba2763e1a220
,,,absent,,,,,行政处罚法、行政许可法、治安管理处罚法,,RFN-cfaaba2b946ea10a
,,,absent,国家工商行政管理局令第60号,,,,关于禁止商业贿赂行为的暂行规定,,RFN-70c6d2f88efc9684
,,,absent,二OO八年十一月二十日下发,,,,最高人民法院最高人民检察院关于印发《关于办理商业贿赂刑事案件适用法律若干问题的意见》的通知,,RFN-5e4d297bde39f562
,,,absent,,,,,关于加强联合国安理会制裁决议名单管理和FATF公布的高风险国家或地区客户管理的风险提示,,RFN-40ac1a9fcbd30967
,,,absent,N/A,,,,中华人民共和国反垄断法,,RFN-cffdc0fb0ba21a2c
,,,absent,N/A,,,,中华人民共和国反不正当竞争法,,RFN-8b8a8d5a0cf8dbb0
,,,absent,N/A,,,,中华人民共和国刑法,,RFN-a0259cf4cfd30d55
,,,absent,保监会令〔2004〕3号,,,,保险公司管理规定,,RFN-cc72e22499129058
,,,absent,保监会令〔2004〕7号,,,,中国保险监督管理委员会派出机构监管职责规定,,RFN-95f1d09ecebd3704
,,,absent,保监发[2005]23号,,,,转发中国人民银行关于商业银行对外资保险公司办理人民币协议存款业务的利率等相关问题的通知,,RFN-a9fedb44d9d78bda
,,,absent,保监法规[2007]1497号,,,,关于保险公司地市级分支机构命名等有关问题的批复,,RFN-012051479f38bb44
,,,absent,中国保险监督管理委员会令2015年第3号,,,,保险公司管理规定（2015修订）,,RFN-6607550074f51efa
,,,absent,金办发[2024]25号,,,,国家金融监督管理总局办公厅关于银行保险机构侵害个人信息权益乱象专项整治发现主要问题的通报,,RFN-70c43b7d3cf54999
,,,absent,N/A,,,,中国保险监督管理委员会行政许可实施办法,,RFN-9c05fe4a81dd1270
,,,absent,N/A,,,,保险保障基金管理办法（已失效）,,RFN-9334fdf16b283e1a
,,,absent,保监发[2000]2号,,,,保险公司管理规定（已失效）,,RFN-7c332846273ed3ae
,,,absent,保监会令〔2001〕3号,,,,保险公估机构监管规定,,RFN-935ddd95dd623e33
,,,absent,保监会令〔2004〕15号,,,,保险经纪机构监管规定,,RFN-6299b41ed313d187
,,,absent,保监会令〔2004〕14号,,,,保险专业代理机构监管规定,,RFN-213ec1fa3be1cc65
