序号,来源,发文字号,文件名,命中关键词(泛化),命中段落摘录,取舍理由,置信度,建议处理
1,gov,中华人民共和国国务院令第837号,国务院关于对外投资的规定,保险机构 ,[body]…定位，遵循市场化、法治化、商业可持续和风险可控原则，在业务范围内为投资者对外投资提供融资等金融服务。鼓励政策性保险机构为投资者对外投资提供海外投资保险等服务。 第九条 有关行业协会商会应当依照法律、法规和章程，加强行业自律，提升…,同时存在排除信号(银行业金融机构)，已据主体规则判定,低,人工复核：判断是否人身险公司经营相关；若确为财险/再保/中介主体则排除
2,gov,中华人民共和国国务院令第250号,社会团体登记管理条例,分支机构 ,[body]…记证书》申请刻制印章，开立银行账户。社会团体应当将印章式样和银行账号报登记管理机关备案。 第十七条 社会团体的分支机构、代表机构是社会团体的组成部分，不具有法人资格，应当按照其所属于的社会团体的章程所规定的宗旨和业务范围，在该社…,泛化命中'保险公司/保险机构'等，未明确指向人身险公司主体,低,人工复核：判断是否人身险公司经营相关；若确为财险/再保/中介主体则排除
3,gov,中华人民共和国国务院令第46号,森林病虫害防治条例,保险公司 ,[body]…防治费用的，各级人民政府应当给予补助。 第二十条 国家在重点林区逐步实行森林病虫害保险制度，具体办法由中国人民保险公司会同国务院林业主管部门制定。 第四章 奖励和惩罚 第二十一条 有下列成绩之一的单位和个人，由人民政府或者林业主…,泛化命中'保险公司/保险机构'等，未明确指向人身险公司主体,低,人工复核：判断是否人身险公司经营相关；若确为财险/再保/中介主体则排除
4,gov,中华人民共和国国务院令第335号,中华人民共和国国际海运条例,分支机构 ,[body]…管部门备案： (一)终止经营； (二)减少运营船舶； (三)变更提单、客票或者多式联运单证； (四)在境外设立分支机构或者子公司经营相应业务； (五)拥有的船舶在境外注册，悬挂外国旗。 国际客船、国际散装液体危险品船运输经营者增…,泛化命中'保险公司/保险机构'等，未明确指向人身险公司主体,低,人工复核：判断是否人身险公司经营相关；若确为财险/再保/中介主体则排除
5,gov,中华人民共和国国务院令第811号,蓄滞洪区运用补偿办法,保险机构 ,[body]…有关部门按照职责分工，负责蓄滞洪区运用补偿的有关工作。 第六条 国家鼓励、支持在蓄滞洪区推行洪水保险制度，鼓励保险机构根据蓄滞洪区运用后损失情况，开展洪水保险快速理赔和灾害应急预付赔款服务。 第七条 任何组织和个人不得骗取、侵吞…,泛化命中'保险公司/保险机构'等，未明确指向人身险公司主体,低,人工复核：判断是否人身险公司经营相关；若确为财险/再保/中介主体则排除
6,gov,中华人民共和国国务院令第697号,快递暂行条例,保险公司|分支机构 ,[body]…的业务范围和地域范围，向社会公布取得快递业务经营许可的企业名单，并及时更新。 第十九条 经营快递业务的企业及其分支机构可以根据业务需要开办快递末端网点，并应当自开办之日起20日内向所在地邮政管理部门备案。快递末端网点无需办理营业…,泛化命中'保险公司/保险机构'等，未明确指向人身险公司主体,低,人工复核：判断是否人身险公司经营相关；若确为财险/再保/中介主体则排除
7,gov,中华人民共和国国务院令第801号,国务院关于涉外知识产权纠纷处理的规定,保险机构|分支机构 ,[body]…纷调解、 仲裁工作的指导。  第八条 鼓励律师事务所、 知识产权服务机构等提高涉外知识产权服务能力， 通过设立分支机构、 联合经营等方式在国外设立执业机构， 为公民、 组织提供优质高效的涉外知识产权相关服务。  国务院司法行政部…,泛化命中'保险公司/保险机构'等，未明确指向人身险公司主体,低,人工复核：判断是否人身险公司经营相关；若确为财险/再保/中介主体则排除
8,gov,中华人民共和国国务院令第512号,中华人民共和国企业所得税法实施条例, ,[body]…者受雇有关的其他支出。 第三十五条 企业依照国务院有关主管部门或者省级人民政府规定的范围和标准为职工缴纳的基本养老保险费、基本医疗保险费、失业保险费、工伤保险费、生育保险费等基本社会保险费和住房公积金，准予扣除。 企业为投资者或…,正文明确涉及人身保险/寿险/健康保险/养老险业务，适用主体包含人身险公司,低,人工复核：判断是否人身险公司经营相关；若确为财险/再保/中介主体则排除
9,gov,中华人民共和国国务院令第343号,出版管理条例,分支机构 ,[body]…由其主办单位承担。 第十七条 出版单位变更名称、主办单位或者其主管机关、业务范围、资本结构，合并或者分立，设立分支机构，出版新的报纸、期刊，或者报纸、期刊变更名称的，应当依照本条例第十二条、第十三条的规定办理审批手续。出版单位属…,泛化命中'保险公司/保险机构'等，未明确指向人身险公司主体,低,人工复核：判断是否人身险公司经营相关；若确为财险/再保/中介主体则排除
10,gov,中华人民共和国国务院令第792号,中华人民共和国两用物项出口管制条例,分支机构 ,[body]…(三)属于列入本条例第二十八条规定的管控名单内的境外组织和个人在中华人民共和国境内设立的独资企业、代表机构、分支机构； (四)国务院商务主管部门规定的其他情形。 已经获得通用许可或者以登记填报信息方式获得出口凭证的出口经营者出…,泛化命中'保险公司/保险机构'等，未明确指向人身险公司主体,低,人工复核：判断是否人身险公司经营相关；若确为财险/再保/中介主体则排除
11,gov,中华人民共和国中央军事委员会令第787号,退役军人安置条例, ,[body]…限依法合并计算。 第八十二条 安排工作的退役军士和义务兵在国家规定的待安排工作期间，按照规定参加安置地职工基本养老保险并享受相应待遇，所需费用由安置地人民政府同级财政资金安排。 第八十三条 安置到机关、群团组织、企业事业单位的退…,正文明确涉及人身保险/寿险/健康保险/养老险业务，适用主体包含人身险公司,低,人工复核：判断是否人身险公司经营相关；若确为财险/再保/中介主体则排除
12,gov,中华人民共和国国务院令第783号,公平竞争审查条例,分支机构 ,[body]…，或者阻碍本地经营者迁出，商品、要素输出； (二)排斥、限制、强制或者变相强制外地经营者在本地投资经营或者设立分支机构； (三)排斥、限制或者变相限制外地经营者参加本地政府采购、招标投标； (四)对外地或者进口商品、要素设置歧视…,泛化命中'保险公司/保险机构'等，未明确指向人身险公司主体,低,人工复核：判断是否人身险公司经营相关；若确为财险/再保/中介主体则排除
13,gov,中华人民共和国国务院令第781号,国有企业管理人员处分条例,分支机构 ,[body]…二)经党组织或者国家机关，国有独资、全资公司、企业，事业单位提名、推荐、任命、批准等，在国有控股、参股公司及其分支机构中履行组织、领导、管理、监督等职责的人员； (三)经国家出资企业中负有管理、监督国有资产职责的组织批准或者研究…,泛化命中'保险公司/保险机构'等，未明确指向人身险公司主体,低,人工复核：判断是否人身险公司经营相关；若确为财险/再保/中介主体则排除
14,gov,中华人民共和国国务院令第494号,中华人民共和国船员条例, ,[body]…他必要措施。 第四章 船员职业保障 第二十一条 船员用人单位和船员应当按照国家有关规定参加工伤保险、医疗保险、养老保险、失业保险以及其他社会保险，并依法按时足额缴纳各项保险费用。 船员用人单位应当为在驶往或者驶经战区、疫区或者运…,正文明确涉及人身保险/寿险/健康保险/养老险业务，适用主体包含人身险公司,低,人工复核：判断是否人身险公司经营相关；若确为财险/再保/中介主体则排除
15,gov,中华人民共和国国务院令第763号,中华人民共和国领事保护与协助条例,保险公司 ,[body]…人员及其他人员进行培训。 第二十四条 国家鼓励有关组织和个人为领事保护与协助工作提供志愿服务。 国家鼓励和支持保险公司、紧急救援机构、律师事务所等社会力量参与领事保护与协助相关工作。 第二十五条 对在领事保护与协助工作中作出突出…,泛化命中'保险公司/保险机构'等，未明确指向人身险公司主体,低,人工复核：判断是否人身险公司经营相关；若确为财险/再保/中介主体则排除
16,gov,中华人民共和国国务院令第216号,农药管理条例,分支机构 ,[body]…变化的，农药经营者应当按照国务院农业主管部门的规定申请变更农药经营许可证。 取得农药经营许可证的农药经营者设立分支机构的，应当依法申请变更农药经营许可证，并向分支机构所在地县级以上地方人民政府农业主管部门备案，其分支机构免予办理…,泛化命中'保险公司/保险机构'等，未明确指向人身险公司主体,低,人工复核：判断是否人身险公司经营相关；若确为财险/再保/中介主体则排除
17,gov,中华人民共和国国务院令第447号,中华人民共和国进出口商品检验法实施条例,分支机构 ,[body]…管全国进出口商品检验工作。 海关总署设在省、自治区、直辖市以及进出口商品的口岸、集散地的出入境检验检疫机构及其分支机构(以下简称出入境检验检疫机构)，管理所负责地区的进出口商品检验工作。 第三条 海关总署应当依照商检法第四条规定…,泛化命中'保险公司/保险机构'等，未明确指向人身险公司主体,低,人工复核：判断是否人身险公司经营相关；若确为财险/再保/中介主体则排除
18,gov,中华人民共和国国务院令第746号,中华人民共和国市场主体登记管理条例,分支机构 ,[body]…指在中华人民共和国境内以营利为目的从事经营活动的下列自然人、法人及非法人组织： (一)公司、非公司企业法人及其分支机构； (二)个人独资企业、合伙企业及其分支机构； (三)农民专业合作社(联合社)及其分支机构； (四)个体工商户…,泛化命中'保险公司/保险机构'等，未明确指向人身险公司主体,低,人工复核：判断是否人身险公司经营相关；若确为财险/再保/中介主体则排除
19,gov,中华人民共和国国务院令第256号,中华人民共和国土地管理法实施条例, ,[body]…安置补助费分配办法。地上附着物和青苗等的补偿费用，归其所有权人所有。社会保障费用主要用于符合条件的被征地农民的养老保险等社会保险缴费补贴，按照省、自治区、直辖市的规定单独列支。申请征收土地的县级以上地方人民政府应当及时落实土地补…,正文明确涉及人身保险/寿险/健康保险/养老险业务，适用主体包含人身险公司,低,人工复核：判断是否人身险公司经营相关；若确为财险/再保/中介主体则排除
20,gov,中华人民共和国国务院令第399号,中华人民共和国民办教育促进法实施条例, ,[body]…额支付工资，足额缴纳社会保险费和住房公积金。国家鼓励民办学校按照有关规定为教职工建立职业年金或者企业年金等补充养老保险。实施学前教育、学历教育的民办学校应当从学费收入中提取一定比例建立专项资金或者基金，由学校管理，用于教职工职业…,正文明确涉及人身保险/寿险/健康保险/养老险业务，适用主体包含人身险公司,低,人工复核：判断是否人身险公司经营相关；若确为财险/再保/中介主体则排除
21,gov,中华人民共和国国务院令第735号,医疗保障基金使用监督管理条例,保险资金 ,[body]…附 则第四十九条 职工大额医疗费用补助、公务员医疗补助等医疗保障资金使用的监督管理，参照本条例执行。居民大病保险资金的使用按照国家有关规定执行，医疗保障行政部门应当加强监督。第五十条 本条例自2021年5月1日起施行。 医疗保…,泛化命中'保险公司/保险机构'等，未明确指向人身险公司主体,低,人工复核：判断是否人身险公司经营相关；若确为财险/再保/中介主体则排除
22,gov,国家工商行政管理局令第7号,企业名称登记管理规定,分支机构 ,[body]…语。 使用外国投资者字号的外商独资或者控股的外商投资企业，企业名称中可以含有“（中国）”字样。 第十三条 企业分支机构名称应当冠以其所从属企业的名称，并缀以“分公司”、“分厂”、“分店”等字词。境外企业分支机构还应当在名称中标明…,泛化命中'保险公司/保险机构'等，未明确指向人身险公司主体,低,人工复核：判断是否人身险公司经营相关；若确为财险/再保/中介主体则排除
23,gov,中华人民共和国国务院令第439号,营业性演出管理条例,分支机构 ,[body]…构、演出场所经营单位以及由内地方控股的文艺表演团体；香港特别行政区、澳门特别行政区的演出经纪机构可以在内地设立分支机构。 台湾地区的投资者可以在大陆投资设立演出经纪机构、演出场所经营单位，不得设立文艺表演团体。 依照本条规定设立…,泛化命中'保险公司/保险机构'等，未明确指向人身险公司主体,低,人工复核：判断是否人身险公司经营相关；若确为财险/再保/中介主体则排除
24,gov,,中华人民共和国国家金库条例,分支机构 ,[body]…行行长兼国库主任。 第八条 国库业务工作实行垂直领导。各省、自治区、直辖市分库及其所属各级支库，既是中央国库的分支机构，也是地方国库。 第九条 各级国库应当设立专门的工作机构办理国库业务。机构设置按照本条例第六条规定，四级国库分…,泛化命中'保险公司/保险机构'等，未明确指向人身险公司主体,低,人工复核：判断是否人身险公司经营相关；若确为财险/再保/中介主体则排除
25,gov,中华人民共和国国务院令第186号,中华人民共和国预算法实施条例,分支机构 ,[body]…留解、退付和库款支拨的专门机构。国库分为中央国库和地方国库。 中央国库业务由中国人民银行经理。未设中国人民银行分支机构的地区，由中国人民银行商财政部后，委托有关银行业金融机构办理。 地方国库业务由中国人民银行分支机构经理。未设中…,"同时存在排除信号(银行业,银行业金融机构)，已据主体规则判定",低,人工复核：判断是否人身险公司经营相关；若确为财险/再保/中介主体则排除
26,gov,中华人民共和国国务院令第725号,农作物病虫害防治条例,保险机构 ,[body]…民政府农业农村主管部门商同级人民政府应急管理部门发布，其他组织和个人不得向社会发布。第二十八条 国家鼓励和支持保险机构开展农作物病虫害防治相关保险业务，鼓励和支持农业生产经营者等有关单位和个人参加保险。第四章 应急处置第二十九条…,泛化命中'保险公司/保险机构'等，未明确指向人身险公司主体,低,人工复核：判断是否人身险公司经营相关；若确为财险/再保/中介主体则排除
27,gov,中华人民共和国国务院令第649号,社会救助暂行办法, ,[body]…宜。 特困人员供养标准，由省、自治区、直辖市或者设区的市级人民政府确定、公布。 特困人员供养应当与城乡居民基本养老保险、基本医疗保障、最低生活保障、孤儿基本生活保障等制度相衔接。 第十六条 申请特困人员供养，由本人向户籍所在地的…,正文明确涉及人身保险/寿险/健康保险/养老险业务，适用主体包含人身险公司,低,人工复核：判断是否人身险公司经营相关；若确为财险/再保/中介主体则排除
28,gov,中华人民共和国国务院令第142号,中华人民共和国个人所得税法实施条例, ,[body]…条第一款第一项所称依法确定的其他扣除，包括个人缴付符合国家规定的企业年金、职业年金，个人购买符合国家规定的商业健康保险、税收递延型商业养老保险的支出，以及国务院规定可以扣除的其他项目。 专项扣除、专项附加扣除和依法确定的其他扣除…,正文明确涉及人身保险/寿险/健康保险/养老险业务，适用主体包含人身险公司,低,人工复核：判断是否人身险公司经营相关；若确为财险/再保/中介主体则排除
29,gov,中华人民共和国国务院令第700号,人力资源市场暂行条例,分支机构 ,[body]…颁发人力资源服务许可证；不符合条件的，作出不予批准的书面决定并说明理由。 第二十条 经营性人力资源服务机构设立分支机构的，应当自工商登记办理完毕之日起15日内，书面报告分支机构所在地人力资源社会保障行政部门。 第二十一条 经营性…,泛化命中'保险公司/保险机构'等，未明确指向人身险公司主体,低,人工复核：判断是否人身险公司经营相关；若确为财险/再保/中介主体则排除
30,gov,中华人民共和国国务院令第405号,中华人民共和国道路交通安全法实施条例,保险公司|保险机构 ,[body]…明和申请材料。公安机关交通管理部门经与机动车登记档案核实后，在收到申请之日起15日内补发。第十二条 税务部门、保险机构可以在公安机关交通管理部门的办公场所集中办理与机动车有关的税费缴纳、保险合同订立等事项。第十三条 机动车号牌应…,泛化命中'保险公司/保险机构'等，未明确指向人身险公司主体,低,人工复核：判断是否人身险公司经营相关；若确为财险/再保/中介主体则排除
31,gov,中华人民共和国国务院令第683号,融资担保公司监督管理条例,分支机构 ,[body]…公司合并、分立或者减少注册资本，应当经监督管理部门批准。 融资担保公司在住所地所在省、自治区、直辖市范围内设立分支机构，变更名称，变更持有5%以上股权的股东或者变更董事、监事、高级管理人员，应当自分支机构设立之日起或者变更相关事…,"同时存在排除信号(银行业,银行业金融机构)，已据主体规则判定",低,人工复核：判断是否人身险公司经营相关；若确为财险/再保/中介主体则排除
32,gov,中华人民共和国国务院令第443号,直销管理条例,分支机构 ,[body]…行政管理部门依照其职责分工和本条例规定，负责对直销企业和直销员及其直销活动实施监督管理。 第二章 直销企业及其分支机构的设立和变更 第七条 申请成为直销企业，应当具备下列条件： (一)投资者具有良好的商业信誉，在提出申请前连续5…,泛化命中'保险公司/保险机构'等，未明确指向人身险公司主体,低,人工复核：判断是否人身险公司经营相关；若确为财险/再保/中介主体则排除
33,gov,中华人民共和国国务院令第388号,中央储备粮管理条例,分支机构 ,[body]…量和储存安全等方面的问题，应当及时处理；不能处理的，承储企业的主要负责人必须及时报告中国储备粮管理总公司或者其分支机构。 第二十九条 承储企业应当在轮换计划规定的时间内完成中央储备粮的轮换。 中央储备粮的轮换应当遵循有利于保证中…,泛化命中'保险公司/保险机构'等，未明确指向人身险公司主体,低,人工复核：判断是否人身险公司经营相关；若确为财险/再保/中介主体则排除
34,gov,中华人民共和国国务院令第291号,中华人民共和国电信条例,分支机构 ,[body]…关标准。主导的电信业务经营者向其他电信业务经营者提供网间互联，服务质量不得低于本网内的同类业务及向其子公司或者分支机构提供的同类业务质量。 第二十二条 网间互联的费用结算与分摊应当执行国家有关规定，不得在规定标准之外加收费用。…,泛化命中'保险公司/保险机构'等，未明确指向人身险公司主体,低,人工复核：判断是否人身险公司经营相关；若确为财险/再保/中介主体则排除
35,gov,中华人民共和国国务院令第362号,中华人民共和国税收征收管理法实施细则,分支机构 ,[body]…条的规定执行。 第九十五条 税务机关依照税收征管法第五十四条第(五)项的规定，到车站、码头、机场、邮政企业及其分支机构检查纳税人有关情况时，有关单位拒绝的，由税务机关责令改正，可以处1万元以下的罚款；情节严重的，处1万元以上5万…,泛化命中'保险公司/保险机构'等，未明确指向人身险公司主体,低,人工复核：判断是否人身险公司经营相关；若确为财险/再保/中介主体则排除
36,gov,中华人民共和国国务院令第629号,农业保险条例,保险公司|保险机构|保险条款|偿付能力 ,[meta]…展，根据《中华人民共和国保险法》、《中华人民共和国农业法》等法律，制定本条例。第二条 本条例所称农业保险，是指保险机构根据农业保险合同，对 中华人民共和国国务院    农业保险条例 (2012年11月12日中华人民共和国国务院令…,泛化命中'保险公司/保险机构'等，未明确指向人身险公司主体,低,人工复核：判断是否人身险公司经营相关；若确为财险/再保/中介主体则排除
37,gov,中华人民共和国国务院令第429号,著作权集体管理条例,分支机构 ,[body]…证书副本以及著作权集体管理组织章程、使用费收取标准、使用费转付办法予以公告。 第十二条 著作权集体管理组织设立分支机构，应当经国务院著作权管理部门批准，并依照有关社会团体登记管理的行政法规到国务院民政部门办理登记手续。经依法登记…,泛化命中'保险公司/保险机构'等，未明确指向人身险公司主体,低,人工复核：判断是否人身险公司经营相关；若确为财险/再保/中介主体则排除
38,gov,中华人民共和国国务院令第36号,外国商会管理暂行规定,分支机构 ,[body]…团体会员是以商业机构名义加入的会员。商业机构是指外国公司、企业以及其他经济组织依法在中国境内设立的代表机构和分支机构。 个人会员是商业机构和外商投资企业的非中国籍任职人员以本人名义加入的会员。 第六条 外国商会的名称应当冠其本…,泛化命中'保险公司/保险机构'等，未明确指向人身险公司主体,低,人工复核：判断是否人身险公司经营相关；若确为财险/再保/中介主体则排除
39,gov,,中华人民共和国对外合作开采海洋石油资源条例,分支机构 ,[body]…行政方面的各种报告。 第十五条 外国合同者为执行石油合同从事开发、 生产作业， 应当在中华人民共和国境内设立分支机构或者代表机构， 并依法履行登记手续。 前款机构的住所地应当同中国海洋石油总公司共同商量确定。 第十六条 本条例…,泛化命中'保险公司/保险机构'等，未明确指向人身险公司主体,低,人工复核：判断是否人身险公司经营相关；若确为财险/再保/中介主体则排除
40,gov,中华人民共和国国务院令第631号,征信业管理条例,分支机构 ,[body]…3年无重大违法违规记录，并取得国务院征信业监督管理部门核准的任职资格。 第九条 经营个人征信业务的征信机构设立分支机构、合并或者分立、变更注册资本、变更出资额占公司资本总额5%以上或者持股占公司股份5%以上的股东的，应当经国务院…,泛化命中'保险公司/保险机构'等，未明确指向人身险公司主体,低,人工复核：判断是否人身险公司经营相关；若确为财险/再保/中介主体则排除
41,gov,国家外汇管理局令第7号,关于骗购外汇、非法套汇、逃汇、非法买卖外汇等违反外汇管理规定行为的行政处分或者纪律处分暂行规定,分支机构 ,[body]…贸企业的工作人员。本规定所称经批准经营外汇业务的金融机构，是指经批准经营外汇业务的中资银行、非银行金融机构及其分支机构。本规定所称国有外经贸企业，是指国有外贸公司、自营进出口的国有生产企业、有进出口经营权的国有企业和国有资产占控…,泛化命中'保险公司/保险机构'等，未明确指向人身险公司主体,低,人工复核：判断是否人身险公司经营相关；若确为财险/再保/中介主体则排除
42,gov,中华人民共和国国务院令第59号,中华人民共和国乡村集体所有制企业条例,保险公司 ,[body]…工队伍。第二十九条 企业不得招用未满16周岁的童工。第三十条 企业对从事高度危险作业的职工，必须依照国家规定向保险公司投保。有条件的企业，应当参照国家有关规定实行职工社会保险。第三十一条 企业发生劳动争议，可以依照《中华人民共和…,泛化命中'保险公司/保险机构'等，未明确指向人身险公司主体,低,人工复核：判断是否人身险公司经营相关；若确为财险/再保/中介主体则排除
43,gov,中华人民共和国国务院令第299号,长江三峡工程建设移民条例, ,[body]…行兼并、破产或者关闭。 有关地方人民政府应当妥善安排破产、关闭企业职工和离退休人员的基本生活，做好再就业和社会养老保险工作。 工矿企业搬迁补偿资金实行包干管理，其数额按照实际淹没损失的重置价格核定。 第二十二条 因三峡工程蓄水被…,正文明确涉及人身保险/寿险/健康保险/养老险业务，适用主体包含人身险公司,低,人工复核：判断是否人身险公司经营相关；若确为财险/再保/中介主体则排除
44,gov,中华人民共和国国务院令第303号,国务院关于禁止在市场经济活动中实行地区封锁的规定,分支机构 ,[body]…本地企业、其他经济组织或者个人不平等的待遇等方式，限制或者排斥外地企业、其他经济组织或者个人在本地投资或者设立分支机构，或者对外地企业、其他经济组织或者个人在本地的投资或者设立的分支机构实行歧视性待遇，侵害其合法权益；(八)实行…,泛化命中'保险公司/保险机构'等，未明确指向人身险公司主体,低,人工复核：判断是否人身险公司经营相关；若确为财险/再保/中介主体则排除
45,gov,中华人民共和国国务院令第121号,企业债券管理条例,分支机构 ,[body]…销和转让业务。 第二十四条 单位和个人所得的企业债券利息收入，按照国家规定纳税。 第二十五条 中国人民银行及其分支机构和国家证券监督管理机构，依照规定的职责，负责对企业债券的发行和交易活动，进行监督检查。 第四章 法律责任 第二…,泛化命中'保险公司/保险机构'等，未明确指向人身险公司主体,低,人工复核：判断是否人身险公司经营相关；若确为财险/再保/中介主体则排除
46,gov,中华人民共和国国务院令第107号,储蓄管理条例,分支机构 ,[body]…息的活动。 任何单位和个人不得将公款以个人名义转为储蓄存款。 第四条 本条例所称储蓄机构是指经中国人民银行或其分支机构批准，各银行、信用合作社办理储蓄业务的机构，以及邮政企业依法办理储蓄业务的机构。 第五条 国家保护个人合法储蓄…,泛化命中'保险公司/保险机构'等，未明确指向人身险公司主体,低,人工复核：判断是否人身险公司经营相关；若确为财险/再保/中介主体则排除
47,gov,,票据管理实施办法,分支机构 ,[body]…是指具有代为清偿票据债务能力的法人、其他组织或者个人。 国家机关、以公益为目的的事业单位、社会团体、企业法人的分支机构和职能部门不得为保证人；但是，法律另有规定的除外。 第十三条 银行汇票上的出票人的签章、银行承兑商业汇票的签章…,泛化命中'保险公司/保险机构'等，未明确指向人身险公司主体,低,人工复核：判断是否人身险公司经营相关；若确为财险/再保/中介主体则排除
48,gov,公安部令第33号,计算机信息网络国际联网安全保护管理办法,分支机构 ,[body]…条 互联单位、接入单位、使用计算机信息网络国际联网的法人和其他组织(包括跨省、自治区、直辖市联网的单位和所属的分支机构)，应当自网络正式联通之日起30日内，到所在地的省、自治区、直辖市人民政府公安机关指定的受理机关办理备案手续。…,泛化命中'保险公司/保险机构'等，未明确指向人身险公司主体,低,人工复核：判断是否人身险公司经营相关；若确为财险/再保/中介主体则排除
49,gov,中华人民共和国国务院令第375号,工伤保险条例, ,[body]…，均有依照本条例的规定享受工伤保险待遇的权利。 第三条 工伤保险费的征缴按照《社会保险费征缴暂行条例》关于基本养老保险费、基本医疗保险费、失业保险费的征缴规定执行。 第四条 用人单位应当将参加工伤保险的有关情况在本单位内公示。…,正文明确涉及人身保险/寿险/健康保险/养老险业务，适用主体包含人身险公司,低,人工复核：判断是否人身险公司经营相关；若确为财险/再保/中介主体则排除
50,gov,中华人民共和国国务院令第231号,中华人民共和国审计法实施条例,分支机构 ,[body]…本级预算执行和其他财政收支管理工作的建议；(五)本级人民政府要求报告的其他情况。第十八条 审计署对中央银行及其分支机构履行职责所发生的各项财务收支，依法进行审计监督。审计署向国务院总理提出的中央预算执行和其他财政收支情况审计结果…,泛化命中'保险公司/保险机构'等，未明确指向人身险公司主体,低,人工复核：判断是否人身险公司经营相关；若确为财险/再保/中介主体则排除
51,gov,中华人民共和国国务院令第537号,中华人民共和国外国常驻新闻机构和外国记者采访条例,分支机构 ,[body]…息传播，制定本条例。第二条 本条例所称外国常驻新闻机构，是指外国新闻机构在中国境内设立、从事新闻采访报道业务的分支机构。本条例所称外国记者包括外国常驻记者和外国短期采访记者。外国常驻记者是指由外国新闻机构派遣，在中国境内常驻6个…,泛化命中'保险公司/保险机构'等，未明确指向人身险公司主体,低,人工复核：判断是否人身险公司经营相关；若确为财险/再保/中介主体则排除
52,gov,中华人民共和国国务院令第535号,中华人民共和国劳动合同法实施条例,分支机构 ,[body]…伙组织和基金会，属于劳动合同法规定的用人单位。 第二章 劳动合同的订立 第四条 劳动合同法规定的用人单位设立的分支机构，依法取得营业执照或者登记证书的，可以作为用人单位与劳动者订立劳动合同；未依法取得营业执照或者登记证书的，受用…,泛化命中'保险公司/保险机构'等，未明确指向人身险公司主体,低,人工复核：判断是否人身险公司经营相关；若确为财险/再保/中介主体则排除
53,gov,中华人民共和国国务院令第193号,中华人民共和国外汇管理条例,分支机构 ,[meta]…则第一条 为了加强外汇管理，促进国际收支平衡，促进国民经济健康发展，制定本条例。第二条 国务院外汇管理部门及其分支机构(以下统称外汇管理机关)依法履行外汇管理职责，负责 中华人民共和国国务院    中华人民共和国外汇管理条例 (…,同时存在排除信号(银行业金融机构)，已据主体规则判定,低,人工复核：判断是否人身险公司经营相关；若确为财险/再保/中介主体则排除
54,gov,中华人民共和国国务院令第410号,中华人民共和国归侨侨眷权益保护法实施办法, ,[body]…的，按照国家有关规定办理辞职、解聘、终止劳动关系手续，按照国家有关规定享受一次性离职费及相关待遇，已经参加基本养老保险、基本医疗保险的，由社会保险经办机构按照国家有关规定一次性结清应归属其本人的费用，并终止其基本养老保险、基本医…,正文明确涉及人身保险/寿险/健康保险/养老险业务，适用主体包含人身险公司,低,人工复核：判断是否人身险公司经营相关；若确为财险/再保/中介主体则排除
55,gov,中华人民共和国国务院令第400号,基金会管理条例,分支机构 ,[body]…登记的事项包括：名称、住所、类型、宗旨、公益活动的业务范围、原始基金数额和法定代表人。 第十二条 基金会拟设立分支机构、代表机构的，应当向原登记管理机关提出登记申请，并提交拟设机构的名称、住所和负责人等情况的文件。 登记管理机关…,泛化命中'保险公司/保险机构'等，未明确指向人身险公司主体,低,人工复核：判断是否人身险公司经营相关；若确为财险/再保/中介主体则排除
56,gov,中华人民共和国国务院令第287号,企业财务会计报告条例,保险公司 ,[body]…在资产负债表上，资产应当按照其流动性分类分项列示，包括流动资产、长期投资、固定资产、无形资产及其他资产。银行、保险公司和非银行金融机构的各项资产有特殊性的，按照其性质分类分项列示。(二)负债，是指过去的交易、事项形成的现时义务，…,泛化命中'保险公司/保险机构'等，未明确指向人身险公司主体,低,人工复核：判断是否人身险公司经营相关；若确为财险/再保/中介主体则排除
57,gov,中华人民共和国国务院令第258号,失业保险条例, ,[body]…并同时停止享受其他失业保险待遇： (一)重新就业的； (二)应征服兵役的； (三)移居境外的； (四)享受基本养老保险待遇的； (五)被判刑收监执行或者被劳动教养的； (六)无正当理由，拒不接受当地人民政府指定的部门或者机构介绍…,正文明确涉及人身保险/寿险/健康保险/养老险业务，适用主体包含人身险公司；同时存在排除信号(商业银行)，已据主体规则判定,低,人工复核：判断是否人身险公司经营相关；若确为财险/再保/中介主体则排除
58,gov,中华人民共和国国务院令第251号,民办非企业单位登记管理暂行条例,分支机构 ,[body]…续，凭有关主管部门出具的执业许可证明文件，发给相应的民办非企业单位登记证书。 第十三条 民办非企业单位不得设立分支机构。 第十四条 民办非企业单位凭登记证书申请刻制印章，开立银行帐户。民办非企业单位应当将印章式样、银行帐号报登记…,泛化命中'保险公司/保险机构'等，未明确指向人身险公司主体,低,人工复核：判断是否人身险公司经营相关；若确为财险/再保/中介主体则排除
59,gov,,结汇、售汇及付汇管理规定,保险机构 ,[body]…资产的外汇收入；(八)对外索赔收入的外汇、退回的外汇保证金等；(九)出租房地产和其他外汇资产收入的外汇；(十)保险机构受理外汇保险所得外汇收入；(十一)取得《经营外汇业务许可证》的金融机构经营外汇业务的净收入；(十二)国外捐赠、…,泛化命中'保险公司/保险机构'等，未明确指向人身险公司主体,低,人工复核：判断是否人身险公司经营相关；若确为财险/再保/中介主体则排除
60,gov,日对外贸易经济合作部令1995年第5号,中华人民共和国国际货物运输代理业管理规定,分支机构 ,[body]…以上业务的， 注册资本最低限额为其中最高一项的限额。 国际货物运输代理企业每设立一个从事国际货物运输代理业务的分支机构， 应当增加注册资本 50 万元。 第三章 审批程序第九条 申请设立国际货物运输代理企业， 申请人应当向拟设立…,泛化命中'保险公司/保险机构'等，未明确指向人身险公司主体,低,人工复核：判断是否人身险公司经营相关；若确为财险/再保/中介主体则排除
61,gov,中华人民共和国国务院令第111号,国有企业富余职工安置规定, ,[body]…位休养期间，由企业发给生活费。已经实行退休费用统筹的地方，企业和退出工作岗位休养的职工应当按照有关规定缴纳基本养老保险费。职工退出工作岗位休养期间达到国家规定的退休年龄时，按照规定办理退休手续。职工退出工作岗位休养期间视为工龄，…,正文明确涉及人身保险/寿险/健康保险/养老险业务，适用主体包含人身险公司,低,人工复核：判断是否人身险公司经营相关；若确为财险/再保/中介主体则排除
62,gov,中华人民共和国国务院令第66号,劳动就业服务企业管理规定, ,[body]…筹资金开办的劳动就业服务企业，在企业具备偿还能力时，可以逐步偿还个人出资。第二十二条 劳动就业服务企业应当建立养老保险制度并逐步建立待业保险制度。保险基金提取办法和保险项目按国家有关规定执行。第二十三条 劳动就业服务企业应当执行…,正文明确涉及人身保险/寿险/健康保险/养老险业务，适用主体包含人身险公司,低,人工复核：判断是否人身险公司经营相关；若确为财险/再保/中介主体则排除
63,gov,中华人民共和国国务院令第65号,中华人民共和国邮政法实施细则,分支机构 ,[body]…以下简称邮政企业)，经邮电管理局授权，管理该地区的邮政工作。邮电支局、邮电所、邮政支局、邮政所是办理邮政业务的分支机构(以下简称分支机构)；邮亭、邮政报刊亭等是邮政企业的服务点。邮电代办所视同邮政企业所属的分支机构。第四条 未经…,泛化命中'保险公司/保险机构'等，未明确指向人身险公司主体,低,人工复核：判断是否人身险公司经营相关；若确为财险/再保/中介主体则排除
64,gov,,北京市新技术产业开发试验区暂行条例,分支机构 ,[body]…有条件的新技术企业，由北京市人民政府授予外贸经营权，自负盈亏，承担出口计划；经国家有关部门批准，可以在国外设立分支机构。新技术企业出口所创外汇，三年内全额留给企业；从第四年起，地方和创汇企业二八分成。第十一条 试验区内，对外经济…,泛化命中'保险公司/保险机构'等，未明确指向人身险公司主体,低,人工复核：判断是否人身险公司经营相关；若确为财险/再保/中介主体则排除
65,gov,,国务院关于鼓励投资开发海南岛的规定,保险公司 ,[body]…材料和其他物料以及自用的交通工具、办公用品，由海南省人民政府自行审批。第十二条 在海南岛举办的企业(国家银行和保险公司除外)，从事生产、经营所得和其他所得，均按15%的税率征收企业所得税，另按应纳税额附征10%的地方所得税。其中…,泛化命中'保险公司/保险机构'等，未明确指向人身险公司主体,低,人工复核：判断是否人身险公司经营相关；若确为财险/再保/中介主体则排除
66,mof,财政部令第116号,注册会计师行业严重失信主体名单管理办法,分支机构 ,[body]…忽职守、徇私舞弊或者其他违法违规行为的，依法给予处分；构成犯罪的，依法追究刑事责任。 第二十一条 会计师事务所分支机构应当列入严重失信主体名单的，适用本办法的规定。 第二十二条 本办法由财政部负责解释。 第二十三条 本办法自20…,泛化命中'保险公司/保险机构'等，未明确指向人身险公司主体,低,人工复核：判断是否人身险公司经营相关；若确为财险/再保/中介主体则排除
67,mof,农业农村部令第107号,道路交通事故社会救助基金管理办法,保险公司 ,[body]…和管理，按照规定确定救助基金管理机构，并对其管理情况进行考核。 第六条 国务院保险监督管理机构的派出机构负责对保险公司缴纳救助基金情况实施监督检查。 县级以上地方公安机关交通管理部门负责通知救助基金管理机构垫付道路交通事故中受害…,泛化命中'保险公司/保险机构'等，未明确指向人身险公司主体,低,人工复核：判断是否人身险公司经营相关；若确为财险/再保/中介主体则排除
68,mof,财政部令第98号,财政部关于修改《代理记账管理办法》等2部部门规章的决定,分支机构 ,[body]…内通过企业信用信息公示系统向社会公示。 第八条 代理记账机构名称、主管代理记账业务的负责人发生变更，设立或撤销分支机构，跨原审批机关管辖地迁移办公地点的，应当自作出变更决定或变更之日起30日内依法向审批机关办理变更登记，并应当自…,泛化命中'保险公司/保险机构'等，未明确指向人身险公司主体,低,人工复核：判断是否人身险公司经营相关；若确为财险/再保/中介主体则排除
69,mof,财政部令第97号,财政部关于修改《会计师事务所执业许可和监督管理办法》等2部部门规章的决定,保单|分支机构 ,[body]…的执业证书信息”。 二、对《资产评估行业财政监督管理办法》作出修改 （一）将第二十二条第三项中的“职业责任保险保单复印件” 修改为“职业责任保险保单信息”。 （二）将第二十四条修改为“资产评估机构应当自领取营业执照之日起 3…,泛化命中'保险公司/保险机构'等，未明确指向人身险公司主体,低,人工复核：判断是否人身险公司经营相关；若确为财险/再保/中介主体则排除
70,mof,财政部令第89号,会计师事务所执业许可和监督管理办法,分支机构 ,[body]…约定，对会计师事务所的债务承担相应责任。 第三章 会计师事务所分所执业许可的取得 第二十五条 会计师事务所设立分支机构应当依照本办法规定申请分所执业许可。 第二十六条 会计师事务所分所的名称应当采用“会计师事务所名称 + 分支机…,泛化命中'保险公司/保险机构'等，未明确指向人身险公司主体,低,人工复核：判断是否人身险公司经营相关；若确为财险/再保/中介主体则排除
71,mof,财政部令第87号,政府采购货物和服务招标投标管理办法,分支机构 ,[body]…条 采购人委托采购代理机构代理招标的，采购代理机构应当在采购人委托的范围内依法开展采购活动。 采购代理机构及其分支机构不得在所代理的采购项目中投标或者代理投标，不得为所代理的采购项目的投标人参加本项目提供投标咨询。 第二章 招标…,泛化命中'保险公司/保险机构'等，未明确指向人身险公司主体,低,人工复核：判断是否人身险公司经营相关；若确为财险/再保/中介主体则排除
72,mof,财政部令第86号,资产评估行业财政监督管理办法,保单|分支机构 ,[body]…第二十条 实行集团化发展的资产评估机构，应当在质量控制、内部管理、客户服务、企业形象、信息化等方面，对设立的分支机构实行统一管理，或者对集团成员实行统一政策。 分支机构应当在资产评估机构授权范围内，依法从事资产评估业务，并以资…,泛化命中'保险公司/保险机构'等，未明确指向人身险公司主体,低,人工复核：判断是否人身险公司经营相关；若确为财险/再保/中介主体则排除
73,mof,财政部令第80号,代理记账管理办法,分支机构 ,[body]…内通过企业信用信息公示系统向社会公示。 第八条 代理记账机构名称、主管代理记账业务的负责人发生变更，设立或撤销分支机构，跨原审批机关管辖地迁移办公地点的，应当自作出变更决定或变更之日起 30日内依法向审批机关办理变更登记，并应当…,泛化命中'保险公司/保险机构'等，未明确指向人身险公司主体,低,人工复核：判断是否人身险公司经营相关；若确为财险/再保/中介主体则排除
74,mof,国家税务总局令第65号,财政部、国家税务总局关于修改《中华人民共和国增值税暂行条例实施细则》和《中华人民共和国营业税暂行条例实施细则》的决定,保险产品 ,[body]…入，是指寺院、宫观、清真寺和教堂举办文化、宗教活动销售门票的收入。 (五)第一款第(七)项所称为出口货物提供的保险产品，包括出口货物保险和出口信用保险。 第二十三条 条例第十条所称营业税起征点，是指纳税人营业额合计达到起征点。…,泛化命中'保险公司/保险机构'等，未明确指向人身险公司主体,低,人工复核：判断是否人身险公司经营相关；若确为财险/再保/中介主体则排除
75,mof,财政部令第62号,财政部关于公布废止和失效的财政规章和规范性文件目录（第十一批）的决定, ,[body]…者给予工作补助的通知（2003年4月18日财政部、卫生部财社明传[2003]2号） 378.关于变更原行业统筹养老保险基金购买特种定向债券债权有关问题的通知（2000年9月6日财政部财社[2000]58号） 379.关于中央财政…,"正文明确涉及人身保险/寿险/健康保险/养老险业务，适用主体包含人身险公司；同时存在排除信号(商业银行,基金管理公司,证券公司)，已据主体规则判定",低,人工复核：判断是否人身险公司经营相关；若确为财险/再保/中介主体则排除
76,mof,国家税务总局令第51号,中华人民共和国消费税暂行条例实施细则,分支机构 ,[body]…（市）代销自产应税消费品的，于应税消费品销售后，向机构所在地或者居住地主管税务机关申报纳税。 纳税人的总机构与分支机构不在同一县（市）的，应当分别向各自机构所在地的主管税务机关申报纳税；经财政部、国家税务总局或者其授权的财政、税…,泛化命中'保险公司/保险机构'等，未明确指向人身险公司主体,低,人工复核：判断是否人身险公司经营相关；若确为财险/再保/中介主体则排除
77,mof,财政部令第48号,财政部关于公布废止和失效的财政规章和规范性文件目录（第十批）的决定, ,[body]…理问题的通知（1995年12月18日财政部财基字[1995]938号） 237. 关于严禁将国有资产用于老职工养老保险问题的通知（1995年4月14日财政部、国家国有资产管理局财工字[1995]47号） 238. 关于印发《国有…,"正文明确涉及人身保险/寿险/健康保险/养老险业务，适用主体包含人身险公司；同时存在排除信号(证券公司,金融资产,银行业)，已据主体规则判定",低,人工复核：判断是否人身险公司经营相关；若确为财险/再保/中介主体则排除
78,mof,财政部令第43号,金融企业国有资本保值增值结果确认暂行办法,偿付能力 ,[body]…资产收益率、利润增长率、总资产报酬率、不良资产率等，适用于各类金融企业。行业性指标包括资本充足率、不良贷款率、偿付能力充足率、净资本负债率等。资本充足率、不良贷款率适用于银行类金融企业；偿付能力充足率适用于保险类金融企业；净资本…,同时存在排除信号(金融资产)，已据主体规则判定,低,人工复核：判断是否人身险公司经营相关；若确为财险/再保/中介主体则排除
79,mof,财政部令第42号,金融企业财务规则, ,[body]…出突出贡献的职工给予奖励。 第三十八条 金融企业根据有关法律、法规和政策的规定，为职工缴纳的基本医疗保险、基本养老保险、失业保险和工伤保险等社会保险费用，应当据实列入成本（费用）。 参加基本医疗保险、基本养老保险且按时足额缴费的…,"正文明确涉及人身保险/寿险/健康保险/养老险业务，适用主体包含人身险公司；同时存在排除信号(商业银行,证券公司,金融资产)，已据主体规则判定",低,人工复核：判断是否人身险公司经营相关；若确为财险/再保/中介主体则排除
80,mof,财政部令第41号,企业财务通则, ,[body]…为职工支付基本医疗、基本养老、失业、工伤等社会保险费，所需费用直接作为成本（费用）列支。 已参加基本医疗、基本养老保险的企业，具有持续盈利能力和支付能力的，可以为职工建立补充医疗保险和补充养老保险，所需费用按照省级以上人民政府规…,正文明确涉及人身保险/寿险/健康保险/养老险业务，适用主体包含人身险公司,低,人工复核：判断是否人身险公司经营相关；若确为财险/再保/中介主体则排除
81,mof,财政部令第34号,财政部关于公布废止和失效的财政规章和规范性文件目录（第九批）的决定, ,[body]…82)财综字第22号） （七）行政政法类（2件） 1. 关于宾馆、饭店、招待所等不准加收“城市建设附加费”和“人身保险费”的通知（1987年4月25日 财政部(87)财文字第101号） 2. 关于加强对内部宾馆、饭店和招待所收费…,"正文明确涉及人身保险/寿险/健康保险/养老险业务，适用主体包含人身险公司；同时存在排除信号(商业银行,证券公司,金融资产)，已据主体规则判定",低,人工复核：判断是否人身险公司经营相关；若确为财险/再保/中介主体则排除
82,mof,财政部令第16号,财政部关于公布废止和失效的财政规章和规范性文件目录（第八批）的决定, ,[body]…电力部（63）财农申字第91号、（63）水利财事字第980号〕 （十）社会保障类 1 ．关于印发《企业职工基本养老保险基金实行收支两条线管理暂行规定》的通知（财政部、劳动部、中国人民银行、国家税务总局财社字[1998]6号） 2…,"正文明确涉及人身保险/寿险/健康保险/养老险业务，适用主体包含人身险公司；同时存在排除信号(商业银行,证券公司)，已据主体规则判定",低,人工复核：判断是否人身险公司经营相关；若确为财险/再保/中介主体则排除
83,mof,财政部令第15号,国有资产评估违法行为处罚办法,分支机构 ,[body]…法。 第三条 省级人民政府财政部门（国有资产管理部门，下同）负责对本地区资产评估机构（包括设在本地区的资产评估分支机构）的违法行为实施处罚。 对严重评估违法行为，国务院财政部门可以直接进行处罚。 第四条 资产评估机构违法行为的处…,泛化命中'保险公司/保险机构'等，未明确指向人身险公司主体,低,人工复核：判断是否人身险公司经营相关；若确为财险/再保/中介主体则排除
84,mof,财政部、人事部、中央机构编制委员会办公室财行〔2000〕1号,行政单位财政统一发放工资暂行办法, ,[body]…及代扣款项等数据，分别报编制部门和人事部门审核。代扣款项是指国家政策规定必须由个人缴纳的住房公积金、医疗保险、养老保险和依法交纳的个人所得税等款项，其他应由个人缴纳的款项不列入代扣项目。 第十一条 编制部门对单位报来的人员编制数…,正文明确涉及人身保险/寿险/健康保险/养老险业务，适用主体包含人身险公司；同时存在排除信号(商业银行)，已据主体规则判定,低,人工复核：判断是否人身险公司经营相关；若确为财险/再保/中介主体则排除
85,mof,财际字〔2000〕13号,世界银行贷款项目会计核算办法,保险公司 ,[body]…，贷记 “银行存款”等科目；收回的残料价值和变价收入等，借记“银行存款”、“库存材料”等科目，贷记本科目；应由保险公司或过失人赔偿的损失，借记“其他应收款”、“银行存款”等科目，贷记本科目。 固定资产清理后的净收益，借记本科目，…,泛化命中'保险公司/保险机构'等，未明确指向人身险公司主体,低,人工复核：判断是否人身险公司经营相关；若确为财险/再保/中介主体则排除
86,mof,财政部财债字〔1999〕268号,中国人民银行财务制度, ,[body]…购建支出，以及办公设备的购置支出。 六、其他支出。指与业务活动没有直接关系的支出，包括社会保险费、失业保险费、养老保险统筹支出、税金及附加、损失款项和其他支出。 社会保险费是离、退休职工退休金、价格补贴、医疗费（含离退休人员参加…,正文明确涉及人身保险/寿险/健康保险/养老险业务，适用主体包含人身险公司；同时存在排除信号(银行业)，已据主体规则判定,低,人工复核：判断是否人身险公司经营相关；若确为财险/再保/中介主体则排除
87,mof,财政部财商字〔1997〕491号,国家政策性银行财务管理规定,保险公司|分支机构 ,[body]…拨付相应的人民币资金，政策性银行按规定向外汇管理部门办理购汇手续。 第八条 政策性银行在中华人民共和国境内设立分支机构，应当按照规定拨付与其经营规模相适应的营运资金。拨付各分支机构营运资金的总和，不得超过总行资本金总额的 60%…,同时存在排除信号(银行业)，已据主体规则判定,低,人工复核：判断是否人身险公司经营相关；若确为财险/再保/中介主体则排除
88,mof,财商字〔1997〕344号,中国人民银行预算管理的规定,保险公司|分支机构 ,[body]…个月内将预算指标分解下达到各省级分行，同时将系统预算分配方案抄送财政部备案，人民银行省级分行和二级分行下达所辖分支机构预算指标，应同时抄送当地专员办。 第十二条 人民银行总行负责依据财政部批准的年度预算，组织和监督全系统预算的执…,泛化命中'保险公司/保险机构'等，未明确指向人身险公司主体,低,人工复核：判断是否人身险公司经营相关；若确为财险/再保/中介主体则排除
89,mof,财政部财会字〔1995〕70号,勘察设计企业会计制度, ,[body]…号科目 其他应付款 一、本科目核算企业应付、暂收其他单位或个人的款项，如应付租入固定资产租金、存入保证金、应付养老保险费等。 二、企业发生的各种应付、暂收款项，借记 “银行存款”、“管理费用”等科目，贷记本科目；支付时，借记本科…,正文明确涉及人身保险/寿险/健康保险/养老险业务，适用主体包含人身险公司,低,人工复核：判断是否人身险公司经营相关；若确为财险/再保/中介主体则排除
90,mof,财政部、中国人民银行财预字〔1989〕68号,中华人民共和国国家金库条例实施细则,分支机构 ,[body]…库设科，支库可根据业务量大小确定要否设股，但至少应有专人负责。 第三条 支库以下的国库经收处业务，由专业银行的分支机构办理，负责收纳报解财政库款，经收处的业务工作，受支库领导。 第四条 国库的业务工作，实行垂直领导。各级国库的工…,泛化命中'保险公司/保险机构'等，未明确指向人身险公司主体,低,人工复核：判断是否人身险公司经营相关；若确为财险/再保/中介主体则排除
91,mof,公告2026年第11号,关于出口业务增值税和消费税政策的公告,保险公司 ,[body]…服务，包括出口货物保险和出口信用保险，以及以出口货物为保险标的的产品责任保险和产品质量保证保险。 （10）境内保险公司为境外投资项目提供的海外投资保险。境内保险公司向境外保险公司提供的完全在境外消费的再保险服务。 （11）向境外…,泛化命中'保险公司/保险机构'等，未明确指向人身险公司主体,低,人工复核：判断是否人身险公司经营相关；若确为财险/再保/中介主体则排除
92,mof,财金〔2026〕2号,关于优化实施设备更新贷款财政贴息政策的通知,分支机构 ,[body]…政部门提出2026年全年贴息资金需求申请，省级财政部门收到申请后10个工作日内向省行预拨贴息资金。省行按月汇总分支机构贴息资金申请并向省级财政部门提交申请及证明材料。省级财政部门要会同相关部门建立联审工作机制，集中组织相关部门开…,泛化命中'保险公司/保险机构'等，未明确指向人身险公司主体,低,人工复核：判断是否人身险公司经营相关；若确为财险/再保/中介主体则排除
93,mof,财会〔2025〕35号,关于印发《〈社会保险基金会计制度〉补充规定》的通知,保险机构|保险资金 ,[body]…居民基本医疗保险基金“5101 大病保险支出”科目的明细科目设置及会计处理。 经办机构应当在本科目下增设“商业保险机构承办”、“自行经办待遇支出”明细科目，分别核算划转商业保险机构承办以及医保经办机构自行经办的大病保险资金。 在…,泛化命中'保险公司/保险机构'等，未明确指向人身险公司主体,低,人工复核：判断是否人身险公司经营相关；若确为财险/再保/中介主体则排除
94,mof,财金〔2025〕135号,关于进一步发挥政府性融资担保体系作用 加力支持就业创业的指导意见,分支机构 ,[body]…速度。 四、强化信息归集共享 （十一）健全跨部门数据共享机制。鼓励地方财政、人力资源社会保障部门和中国人民银行分支机构建立资格审核、贷款发放、担保增信、财政贴息等数据共享平台，优化创业担保贷款相关数据及担保稳定和新增就业人数统计…,同时存在排除信号(银行业金融机构)，已据主体规则判定,低,人工复核：判断是否人身险公司经营相关；若确为财险/再保/中介主体则排除
95,mof,财会〔2025〕30号,关于印发《关于进一步加强科学事业单位内部控制建设的指导意见》的通知,分支机构 ,[body]…制措施；加强对投资项目的追踪管理，建立责任追究制度。强化所属单位管理，明确所属单位的职能定位和权限，建立健全对分支机构、下设企业、挂靠非营利机构等所属单位的管理体制机制；采取切实有效措施履行国有资产监管职责，维护国有资产权益，健…,泛化命中'保险公司/保险机构'等，未明确指向人身险公司主体,低,人工复核：判断是否人身险公司经营相关；若确为财险/再保/中介主体则排除
96,mof,财会〔2025〕20号,关于印发《会计师事务所反洗钱工作管理办法》的通知,分支机构 ,[body]…钱义务的情况进行监督检查，依法处理同级反洗钱行政主管部门提出的反洗钱监督管理建议。国务院反洗钱行政主管部门及其分支机构依法协助省级以上财政部门进行相关监督检查。 第二十四条 各级注册会计师协会在财政部门、反洗钱行政主管部门的指导…,泛化命中'保险公司/保险机构'等，未明确指向人身险公司主体,低,人工复核：判断是否人身险公司经营相关；若确为财险/再保/中介主体则排除
97,mof,公告2025年第5号,关于明确快递服务等增值税政策的公告,分支机构 ,[body]…本公告所称快递企业，是指在境内从事快递业务经营并依法取得快递业务经营许可的企业，上述企业向邮政管理部门备案的分支机构，以及上述企业或者上述分支机构向邮政管理部门备案的快递末端网点。快递末端网点，是指提供快递末端服务的经营网点。…,泛化命中'保险公司/保险机构'等，未明确指向人身险公司主体,低,人工复核：判断是否人身险公司经营相关；若确为财险/再保/中介主体则排除
98,mof,财金〔2024〕83号,关于扩大大豆完全成本保险和种植收入保险政策实施范围的通知,保险公司 ,[body]…国融通资产管理集团有限公司、中国储备粮管理集团有限公司、北大荒农垦集团有限公司、中国农业发展集团有限公司，有关保险公司： 按照《中共中央 国务院关于学习运用 “千村示范、万村整治”工程经验有力有效推进乡村全面振兴的意见》有关要求…,泛化命中'保险公司/保险机构'等，未明确指向人身险公司主体,低,人工复核：判断是否人身险公司经营相关；若确为财险/再保/中介主体则排除
99,mof,财金〔2024〕45号,关于在全国全面实施三大粮食作物完全成本保险和种植收入保险政策的通知,保单|保险产品|保险公司 ,[body]…国融通资产管理集团有限公司、中国储备粮管理集团有限公司、北大荒农垦集团有限公司、中国农业发展集团有限公司，有关保险公司： 按照《中共中央 国务院关于学习运用“千村示范、万村整治”工程经验有力有效推进乡村全面振兴的意见》有关要求，…,泛化命中'保险公司/保险机构'等，未明确指向人身险公司主体,低,人工复核：判断是否人身险公司经营相关；若确为财险/再保/中介主体则排除
100,mof,财金〔2023〕107号,关于实施天然橡胶综合保险政策的通知,保单|保险产品 ,[body]…争力，服务我国重要农产品和物资稳产保供。 （三）优化保障机制。鼓励依法合规探索开发符合当地特点和胶农需求的农业保险产品，在管理上要效率，在创新上要效益，不断优化完善保险机制，充分发挥农业保险风险管理和经济补偿功能，切实提高橡胶种…,泛化命中'保险公司/保险机构'等，未明确指向人身险公司主体,低,人工复核：判断是否人身险公司经营相关；若确为财险/再保/中介主体则排除
101,mof,公告2023年第55号,关于延续实施支持农村金融发展企业所得税政策的公告,保险公司 ,[body]…税政策公告如下： 一、对金融机构农户小额贷款的利息收入，在计算应纳税所得额时，按 90%计入收入总额。 二、对保险公司为种植业、养殖业提供保险业务取得的保费收入，在计算应纳税所得额时，按 90%计入收入总额。 三、本公告所称农户…,泛化命中'保险公司/保险机构'等，未明确指向人身险公司主体,低,人工复核：判断是否人身险公司经营相关；若确为财险/再保/中介主体则排除
102,mof,财金〔2023〕59号,关于扩大三大粮食作物完全成本保险和种植收入保险实施范围至全国所有产粮大县的通知,保单|保险产品 ,[body]…绕全面推进乡村振兴和加快农业农村现代化，通过进一步扩大三大粮食作物完全成本保险和种植收入保险实施范围，增强农业保险产品吸引力，在管理上要效率，在创新上要效益，助力健全农村金融服务体系和种粮农民收益保障机制，推动完善农业支持保护制…,泛化命中'保险公司/保险机构'等，未明确指向人身险公司主体,低,人工复核：判断是否人身险公司经营相关；若确为财险/再保/中介主体则排除
103,mof,财金〔2022〕87号,关于进一步加强国有金融企业财务管理的通知,分支机构 ,[body]…配置公务用车、办公用房，国内出差、因公出国 (境)按规定标准乘坐交通工具、落实住宿和餐饮标准，严格规范内部各级分支机构、子机构差旅、住宿、接待标准。 金融企业应当建立健全负责人公务用车管理制度，严格落实 1人1车或多人1车为负责…,同时存在排除信号(金融资产)，已据主体规则判定,低,人工复核：判断是否人身险公司经营相关；若确为财险/再保/中介主体则排除
104,mof,财预〔2022〕76号,关于印发《民族贸易和民族特需商品生产贷款贴息管理办法》的通知,分支机构 ,[body]…单列市财政厅（局）、 民（宗）委（厅局）， 新疆生产建设兵团财政局、 民宗局， 人民银行副省级城市中心支行以上分支机构： 为满足少数民族群众生产生活需要， 促进民族地区贸易发展， 保障民族特需商品供应， 加强民族贸易和民族特需商…,泛化命中'保险公司/保险机构'等，未明确指向人身险公司主体,低,人工复核：判断是否人身险公司经营相关；若确为财险/再保/中介主体则排除
105,mof,财金〔2022〕63号,关于开展大豆完全成本保险和种植收入保险试点的通知,保单|保险机构|保险条款 ,[body]…任应涵盖农产品价格、产量波动导致的收入损失。 （三）注重加强承保机构资质管理。承保完全成本保险或种植收入保险的保险机构应满足《财政部 农业农村部关于加强政策性农业保险承保机构遴选管理工作的通知》（财金〔 2020〕128号）相关…,泛化命中'保险公司/保险机构'等，未明确指向人身险公司主体,低,人工复核：判断是否人身险公司经营相关；若确为财险/再保/中介主体则排除
106,mof,财金〔2022〕55号,关于在广西开展糖料蔗完全成本保险和种植收入保险的通知,保单|保险机构|保险条款 ,[body]…任应涵盖农产品价格、产量波动导致的收入损失。 （三）注重加强承保机构资质管理。承保完全成本保险或种植收入保险的保险机构应满足《财政部 农业农村部关于加强政策性农业保险承保机构遴选管理工作的通知》（财金〔 2020〕128号）相关…,泛化命中'保险公司/保险机构'等，未明确指向人身险公司主体,低,人工复核：判断是否人身险公司经营相关；若确为财险/再保/中介主体则排除
107,mof,公告2022年第11号,关于促进服务业领域困难行业纾困发展有关增值税政策的公告,分支机构 ,[body]…，执行期限延长至2022年12月31日。 二、自2022年1月1日至2022年12月31日，航空和铁路运输企业分支机构暂停预缴增值税。2022年2月纳税申报期至文件发布之日已预缴的增值税予以退还。 三、自2022年1月1日至20…,泛化命中'保险公司/保险机构'等，未明确指向人身险公司主体,低,人工复核：判断是否人身险公司经营相关；若确为财险/再保/中介主体则排除
108,mof,财金〔2021〕130号,关于印发《中央财政农业保险保费补贴管理办法》的通知,保险公司 ,[body]…产管理集团有限公司、 中国储备粮管理集团有限公司、 北大荒农垦集团有限公司、 中国农业发展集团有限公司， 有关保险公司： 为进一步做好农业保险保费补贴工作， 提升财政资金使用绩效， 推动农业保险加快高质量发展， 结合近年来工作实…,泛化命中'保险公司/保险机构'等，未明确指向人身险公司主体,低,人工复核：判断是否人身险公司经营相关；若确为财险/再保/中介主体则排除
109,mof,财金〔2021〕102号,关于规范国有金融机构资产转让有关事项的通知,分支机构 ,[body]…关事项通知如下： 一、坚持依法依规，确保公开、公平、公正 国有独资、国有全资、国有控股及实际控制金融机构（含其分支机构及拥有实际控制权的各级子企业，以下统称国有金融机构）资产转让应当严格遵守国家法律法规和政策规定，充分发挥市场配…,同时存在排除信号(金融资产)，已据主体规则判定,低,人工复核：判断是否人身险公司经营相关；若确为财险/再保/中介主体则排除
110,mof,财金〔2021〕96号,关于实施中央财政支持普惠金融发展示范区奖补政策的通知,分支机构 ,[body]…部将各省绩效考核表和汇总得分、排名情况在财政部官网予以公示，接受社会监督。 （四）省级财政部门联合当地人民银行分支机构、银保监部门确定当年示范区，并于每年4月30日前将示范区名单提交财政部。 （五）每年5月20日前，财政部根据分…,泛化命中'保险公司/保险机构'等，未明确指向人身险公司主体,低,人工复核：判断是否人身险公司经营相关；若确为财险/再保/中介主体则排除
111,mof,财税〔2021〕51号,关于调整铁路和航空运输企业汇总缴纳增值税分支机构名单的通知,分支机构 ,[title]…关于调整铁路和航空运输企业汇总缴纳增值税分支机构名单的通知 2021年09月05日财税〔2021〕51号公布，自公布之日起施行。 财政部   税务总局…,泛化命中'保险公司/保险机构'等，未明确指向人身险公司主体,低,人工复核：判断是否人身险公司经营相关；若确为财险/再保/中介主体则排除
112,mof,财预〔2021〕108号,关于印发《关于全面推动长江经济带发展财税支持政策的方案》的通知, ,[body]…工作。中央财政加大对城乡居民基本医疗保险基金的补助力度，鼓励引导退捕渔民按规定参加基本医疗保险。沿江省市要落实养老保险缴费补贴政策，对“三地分离”退捕渔民，按规定给予养老保险缴费补贴。中央财政通过就业创业有关补助资金，支持以转产…,正文明确涉及人身保险/寿险/健康保险/养老险业务，适用主体包含人身险公司,低,人工复核：判断是否人身险公司经营相关；若确为财险/再保/中介主体则排除
113,mof,财金〔2021〕49号,关于扩大三大粮食作物完全成本保险和种植收入保险实施范围的通知,保险产品|保险机构|保险条款 ,[body]…绕全面推进乡村振兴和加快农业农村现代化，通过扩大三大粮食作物完全成本保险和种植收入保险实施范围，进一步增强农业保险产品吸引力，助力健全符合我国农业发展特点的支持保护政策体系和农村金融服务体系，稳定种粮农民收益，支持现代农业发展，…,泛化命中'保险公司/保险机构'等，未明确指向人身险公司主体,低,人工复核：判断是否人身险公司经营相关；若确为财险/再保/中介主体则排除
114,mof,公告2021年第6号,关于延长部分税收优惠政策执行期限的公告,保险公司 ,[body]…〔2014〕24号）规定的税收优惠政策，执行期限延长至2025年12月31日。 四、《财政部 国家税务总局关于保险公司准备金支出企业所得税税前扣除有关政策问题的通知》（财税〔2016〕114号）等6个文件规定的准备金企业所得税税…,泛化命中'保险公司/保险机构'等，未明确指向人身险公司主体,低,人工复核：判断是否人身险公司经营相关；若确为财险/再保/中介主体则排除
115,mof,财金〔2020〕128号,关于加强政策性农业保险承保机构遴选管理工作的通知,保险产品|保险公司|保险机构|分支机构 ,[body]…辖市、计划单列市财政厅（局）、农业农村（农牧、畜牧兽医）厅（委、局），新疆生产建设兵团财政局、农业农村局，有关保险公司，中国农业再保险股份有限公司： 为贯彻落实《关于加快农业保险高质量发展的指导意见》（财金〔 2019〕102号…,泛化命中'保险公司/保险机构'等，未明确指向人身险公司主体,低,人工复核：判断是否人身险公司经营相关；若确为财险/再保/中介主体则排除
116,mof,财税〔2020〕56号,关于铁路运输企业汇总缴纳增值税的通知,分支机构 ,[body]…运输企业汇总缴纳增值税事宜通知如下： 一、 自 2014 年 1 月 1 日起， 中国国家铁路集团有限公司及其分支机构提供铁路运输服务以及与铁路运输相关的物流辅助服务， 按照《总分机构试点纳税人增值税计算缴纳暂行办法》（财税〔2…,泛化命中'保险公司/保险机构'等，未明确指向人身险公司主体,低,人工复核：判断是否人身险公司经营相关；若确为财险/再保/中介主体则排除
117,mof,财税〔2020〕31号,关于海南自由贸易港企业所得税优惠政策的通知,分支机构 ,[body]…修订版实施之日起按新版本执行。 对总机构设在海南自由贸易港的符合条件的企业，仅就其设在海南自由贸易港的总机构和分支机构的所得，适用 15% 税率；对总机构设在海南自由贸易港以外的企业，仅就其设在海南自由贸易港内的符合条件的分支机…,泛化命中'保险公司/保险机构'等，未明确指向人身险公司主体,低,人工复核：判断是否人身险公司经营相关；若确为财险/再保/中介主体则排除
118,mof,财税〔2020〕30号,关于航空运输企业汇总缴纳增值税总分机构名单的通知,分支机构 ,[body]…试点纳税人增值税计算缴纳暂行办法》（财税〔 2013 〕 74 号）的规定计算缴纳增值税。  上述航空运输企业分支机构的预征率为 1% 。  附件：航空运输企业总分机构名单 财政部 税务总局 2020 年 6 月 4 日 各省、…,泛化命中'保险公司/保险机构'等，未明确指向人身险公司主体,低,人工复核：判断是否人身险公司经营相关；若确为财险/再保/中介主体则排除
119,mof,财金〔2020〕21号,关于进一步加大创业担保贷款贴息力度 全力支持重点群体创业就业的通知,分支机构 ,[body]…核、贴息、贷款发放等数据。人社部门负责做好资格审核工作。各担保基金运营管理机构和经办金融机构按季向当地人民银行分支机构、财政、人社部门报告担保基金和创业担保贷款发放使用情况。人民银行分支机构强化普惠金融定向降准考核、专项金融债发…,泛化命中'保险公司/保险机构'等，未明确指向人身险公司主体,低,人工复核：判断是否人身险公司经营相关；若确为财险/再保/中介主体则排除
120,mof,财农〔2020〕15号,关于进一步做好全国农业信贷担保工作的通知,分支机构 ,[body]…适应的动态平衡机制，采取垂直化、扁平化管理方式持续推进基层服务网络建设，避免层层设机构，逐步将分公司、办事处等分支机构下沉到市县、基层，同时注意精耕细作、区域推进。要加强业务开拓、风险防控并重的自身能力建设，牢牢把握项目发现、调…,同时存在排除信号(银行业金融机构)，已据主体规则判定,低,人工复核：判断是否人身险公司经营相关；若确为财险/再保/中介主体则排除
121,mof,财金函〔2020〕7号,关于国有金融企业积极做好疫情防控捐赠有关事项的通知,保险产品|保险机构 ,[body]…境内短缺的防疫物资，向公益性社会组织或县级以上人民政府及其部门等国家机关，以及承担疫情防治任务的医院捐赠。鼓励保险机构立足主业，发挥风险保障功能，向一线医务人员、疫情防控工作人员捐赠保险产品。 四、金融企业应当合理调配捐赠资金，…,泛化命中'保险公司/保险机构'等，未明确指向人身险公司主体,低,人工复核：判断是否人身险公司经营相关；若确为财险/再保/中介主体则排除
122,mof,财金〔2020〕5号,关于打赢疫情防控阻击战强化疫情防控重点保障企业资金支持的紧急通知,分支机构 ,[body]…业和信息化部门要主动了解疫情防控重点保障企业生产经营需求，下沉服务、上门服务，及时帮助企业排忧解难。各人民银行分支机构要指导金融机构主动对接疫情防控重点保障企业融资需求、尽快放贷，保障企业生产经营需要。各级财政部门、人民银行分支…,泛化命中'保险公司/保险机构'等，未明确指向人身险公司主体,低,人工复核：判断是否人身险公司经营相关；若确为财险/再保/中介主体则排除
123,mof,公告2020年第2号,关于明确国有农用地出租等增值税政策的公告,保险公司 ,[body]…自己名义立项销售的不动产，属于房地产老项目，可以选择适用简易计税方法按照 5% 的征收率计算缴纳增值税。 三、保险公司按照《财政部 税务总局关于明确养老机构免征增值税等政策的通知》（财税〔 2019 〕 20 号）第四条第（三）…,泛化命中'保险公司/保险机构'等，未明确指向人身险公司主体,低,人工复核：判断是否人身险公司经营相关；若确为财险/再保/中介主体则排除
124,mof,公告2020年第3号,关于境外所得有关个人所得税政策的公告,分支机构 ,[body]…址、派遣期限、境内外收入及缴税情况等。 中方机构包括中国境内企业、事业单位、其他经济组织以及国家机关所属的境外分支机构、子公司、使（领）馆、代表处等。 十二、居民个人取得来源于境外的所得或者实际已经在境外缴纳的所得税税额为人民币…,泛化命中'保险公司/保险机构'等，未明确指向人身险公司主体,低,人工复核：判断是否人身险公司经营相关；若确为财险/再保/中介主体则排除
125,mof,财库〔2019〕68号,关于实施跨省异地缴纳非现场交通违法罚款工作的通知,分支机构 ,"[body]…税收入收缴代理资格的银行范围内,选定银行代收跨省异地缴纳的罚款。省级财政部门要与选定的代理银行总行或总行授权的分支机构签订协议，明确通过同行汇划清算系统接收罚款的银行账户、缴库方式、信息传递方式和要求等。 2.在违法行为发生地以…",泛化命中'保险公司/保险机构'等，未明确指向人身险公司主体,低,人工复核：判断是否人身险公司经营相关；若确为财险/再保/中介主体则排除
126,mof,财金〔2019〕102号,关于印发《关于加快农业保险高质量发展的指导意见》的通知,保险产品|保险机构|保险条款|偿付能力|分支机构 ,[body]…作。与农业保险发展内在规律相适应，充分发挥市场在资源配置中的决定性作用，坚持以需求为导向，强化创新引领，发挥好保险机构在农业保险经营中的自主性和创造性。 自主自愿。充分尊重农民和农业生产经营组织意愿，不得强迫、限制其参加农业保险…,泛化命中'保险公司/保险机构'等，未明确指向人身险公司主体,低,人工复核：判断是否人身险公司经营相关；若确为财险/再保/中介主体则排除
127,mof,财库〔2019〕38号,关于促进政府采购公平竞争优化营商环境的通知,分支机构 ,[body]…的资格条件，妨碍供应商进入政府采购市场； （三）要求供应商在政府采购活动前进行不必要的登记、注册，或者要求设立分支机构，设置或者变相设置进入政府采购市场的障碍； （四）设置或者变相设置供应商规模、成立年限等门槛，限制供应商参与政…,泛化命中'保险公司/保险机构'等，未明确指向人身险公司主体,低,人工复核：判断是否人身险公司经营相关；若确为财险/再保/中介主体则排除
128,mof,财金〔2019〕62号,关于开展财政支持深化民营和小微企业金融服务综合改革试点城市工作的通知,分支机构 ,[body]…分值低于 70分的试点城市，取消试点资格，追回全部奖励资金。 （五）职责分工。 各地财政、科技、工信、人民银行分支机构、银保监部门、财政部各地监管局、地方金融监管部门各司其责。试点城市绩效目标设定和评价工作由各部门分工负责：人民…,泛化命中'保险公司/保险机构'等，未明确指向人身险公司主体,低,人工复核：判断是否人身险公司经营相关；若确为财险/再保/中介主体则排除
129,mof,财社〔2019〕81号,关于解决部分退役士兵社会保险问题中央财政补助资金有关事项的通知, ,[body]…务院办公厅印发 <关于解决部分退役士兵社会保险问题的意见>的通知》（以下称《通知》），妥善解决部分退役士兵基本养老保险和基本医疗保险未参保和中断缴费问题，规范中央财政补助资金使用管理，现将有关事项通知如下： 一、政府补助范围 以…,正文明确涉及人身保险/寿险/健康保险/养老险业务，适用主体包含人身险公司,低,人工复核：判断是否人身险公司经营相关；若确为财险/再保/中介主体则排除
130,mof,公告2019年第74号,关于个人取得有关收入适用个人所得税应税所得项目的公告, ,[body]…征收个人所得税问题的复函》（国税函〔 1995〕351号）； （三）《国家税务总局关于未分配的投资者收益和个人人寿保险收入征收个人所得税问题的批复》（国税函〔 1998〕546号）第二条； （四）《国家税务总局关于个人所得税有关…,正文明确涉及人身保险/寿险/健康保险/养老险业务，适用主体包含人身险公司；同时存在排除信号(证券公司)，已据主体规则判定,低,人工复核：判断是否人身险公司经营相关；若确为财险/再保/中介主体则排除
131,mof,公告2019年第69号,关于2017年度第二批和2018年度第一批公益性社会团体捐赠税前扣除资格名单的公告, ,[body]…基金会 78.健坤慈善基金会 79.善小公益基金会 80.中山博爱基金会 81.三峡集团公益基金会 82.新华人寿保险公益基金会 83.中国人保公益慈善基金会 84.中华思源工程扶贫基金会 85.兰州大学教育发展基金会 86.张…,正文明确涉及人身保险/寿险/健康保险/养老险业务，适用主体包含人身险公司,低,人工复核：判断是否人身险公司经营相关；若确为财险/再保/中介主体则排除
132,mof,财建〔2019〕225号,关于进一步深入推进首台（套）重大技术装备保险补偿机制试点工作的通知,保单|保险产品|保险公司|保险条款 ,[body]…保险是指由生产《目录》内装备制造企业投保，与用户共同受益，承保首台（套）重大技术装备质量风险和责任风险的综合险保险产品。其中，质量风险主要保障因产品质量缺陷导致用户要求修理、更换或退货的风险；责任风险主要保障因产品质量缺陷造成用…,泛化命中'保险公司/保险机构'等，未明确指向人身险公司主体,低,人工复核：判断是否人身险公司经营相关；若确为财险/再保/中介主体则排除
133,nfra,,农业保险条例,保险公司|保险机构|保险条款|偿付能力 ,[body]…展，根据《中华人民共和国保险法》、《中华人民共和国农业法》等法律，制定本条例。第二条 本条例所称农业保险，是指保险机构根据农业保险合同，对被保险人在种植业、林业、畜牧业和渔业生产中因保险标的遭受约定的自然灾害、意外事故、疫病、疾…,泛化命中'保险公司/保险机构'等，未明确指向人身险公司主体,低,人工复核：判断是否人身险公司经营相关；若确为财险/再保/中介主体则排除
134,nfra,,储蓄管理条例,分支机构 ,[body]…息的活动。 任何单位和个人不得将公款以个人名义转为储蓄存款。 第四条 本条例所称储蓄机构是指经中国人民银行或其分支机构批准，各银行、信用合作社办理储蓄业务的机构，以及邮政企业依法办理储蓄业务的机构。 第五条 国家保护个人合法储蓄…,泛化命中'保险公司/保险机构'等，未明确指向人身险公司主体,低,人工复核：判断是否人身险公司经营相关；若确为财险/再保/中介主体则排除
135,nfra,金规〔2026〕3号,国家金融监督管理总局关于实施《保险公司资产负债管理办法》有关事项的通知, ,[body]…2019〕98号）同时废止。 附件：1.保险公司资产负债管理报告内容和要求2.财产保险公司资产负债管理报表3.人身保险公司资产负债管理报表4.保险公司资产负债管理能力评估表5.保险资产负债管理指标压力情景6.保险资产负债管理指标转换…,文件主体/适用对象明确为人身险/寿险/健康险/养老险公司（含其资管子公司）；同时存在排除信号(财产保险公司)，已据主体规则判定,低,人工复核：判断是否人身险公司经营相关；若确为财险/再保/中介主体则排除
136,nfra,金办发〔2026〕67号,国家金融监督管理总局办公厅 民政部办公厅 司法部办公厅关于推广浙江省、青岛市已故人士金融账户查询服务试点经验的通知,保险公司|保险机构|保险资产管理 ,[meta]…兵团民政局、司法局，各政策性银行、大型银行、股份制银行、外资银行、直销银行、理财公司，各保险集团（控股）公司、保险公司、保险资产管理公司、养老金管理公司，各金融控股公司：为深入贯彻落实国务院关于推进政务服务“高效办成一件事”的决…,同时存在排除信号(金融资产)，已据主体规则判定,低,人工复核：判断是否人身险公司经营相关；若确为财险/再保/中介主体则排除
137,nfra,,国家金融监督管理总局2026年规章制定工作计划,保险公司|保险机构|保险资金|偿付能力 ,[meta]…监督管理总局2026年规章制定工作计划 国家金融监督管理总局2026年规章制定一、拟出台的规章序号项目类型1《保险公司资产负债管理办法》制定2《国家金融监督管理总局派出机构监管职责规定》修订3《国家金融监督管理总局非现场监管暂行…,"同时存在排除信号(金融资产,银行业)，已据主体规则判定",低,人工复核：判断是否人身险公司经营相关；若确为财险/再保/中介主体则排除
138,nfra,,中国人民银行 工业和信息化部 市场监管总局 金融监管总局 中国证监会 国家知识产权局 国家网信办 国家外汇局公告〔2026〕第9号,保险产品|分支机构 ,[body]…域客户提供。有经营区域限制的金融机构应当按照金融管理部门制定的标准对客户所在区域进行识别审核，面向注册地及设有分支机构区域的客户提供金融产品。第三方互联网平台为金融产品网络营销提供服务应当接受金融机构依法委托，符合金融管理部门相…,同时存在排除信号(银行业)，已据主体规则判定,低,人工复核：判断是否人身险公司经营相关；若确为财险/再保/中介主体则排除
139,nfra,金发〔2026〕2号,金融监管总局 财政部 农业农村部 中国人民银行关于做好帮扶小额信贷工作的通知,分支机构 ,[body]…结合实际制定。 五、切实抓好工作落实（一）强化组织领导。各级金融监管部门、财政部门、农业农村部门、中国人民银行分支机构要进一步提高思想认识，强化政治担当，加大工作统筹、政策协调和信息共享力度，充分发挥工作合力。（二）做好政策衔接…,泛化命中'保险公司/保险机构'等，未明确指向人身险公司主体,低,人工复核：判断是否人身险公司经营相关；若确为财险/再保/中介主体则排除
140,nfra,发改低空〔2026〕123号,国家发展改革委 金融监管总局 中国民航局关于推动低空保险高质量发展的实施意见,保险产品|保险公司|保险机构 ,[body]…体系， 更好服务低空经济安全健康发展。 到 2027 年， 无人驾驶航空器责任保险强制投保制度初步建立， 低空保险产品不断丰富， 更好满足各类应用场景保障需求； 到 2030 年， 低空保险政策框架基本形成， 对低空经济安全健康…,泛化命中'保险公司/保险机构'等，未明确指向人身险公司主体,低,人工复核：判断是否人身险公司经营相关；若确为财险/再保/中介主体则排除
141,nfra,交运发〔2026〕4号,交通运输部 工业和信息化部 商务部 国务院国有资产监督管理委员会 国家金融监督管理总局 国家铁路局 中国民用航空局 国家邮政局关于印发《加快培育交通物流领军企业 提升产业链供应链服务保障能力行动方案》的通知,保险产品 ,[body]…服务。加强物流供应链企业与金融机构数据共享、交叉互验，支持金融机构提高供应链金融服务水平。鼓励金融机构优化完善保险产品，为交通物流企业拓展国际市场提供保险服务。交通运输部会同工业和信息化部、商务部、国务院国有资产监督管理委员会、…,泛化命中'保险公司/保险机构'等，未明确指向人身险公司主体,低,人工复核：判断是否人身险公司经营相关；若确为财险/再保/中介主体则排除
142,nfra,财金〔2026〕2号,财政部 国家发展改革委 中国人民银行 金融监管总局关于优化实施设备更新贷款财政贴息政策的通知,分支机构 ,[body]…政部门提出2026年全年贴息资金需求申请，省级财政部门收到申请后10个工作日内向省行预拨贴息资金。省行按月汇总分支机构贴息资金申请并向省级财政部门提交申请及证明材料。省级财政部门要会同相关部门建立联审工作机制，集中组织相关部门开…,泛化命中'保险公司/保险机构'等，未明确指向人身险公司主体,低,人工复核：判断是否人身险公司经营相关；若确为财险/再保/中介主体则排除
143,nfra,,商业银行托管业务监督管理办法（试行）, ,[body]…前述金融产品是指各类资产管理产品以及国务院金融管理部门认可的其他金融产品；专项资金是指来源于社会保障基金、基本养老保险基金、企业年金、职业年金、保险公司的资金等。第四条 商业银行所托管产品持有的财产（以下简称托管产品财产），包括…,"正文明确涉及人身保险/寿险/健康保险/养老险业务，适用主体包含人身险公司；同时存在排除信号(商业银行,银行业)，已据主体规则判定",低,人工复核：判断是否人身险公司经营相关；若确为财险/再保/中介主体则排除
144,nfra,其他〔2025〕2号,银行卡清算机构管理办法,分支机构 ,[body]…采取责令限期改正、停止职权或免除职务等措施，并按规定向中国人民银行报告。 第二十一条 银行卡清算机构在境内设立分支机构，应当符合以下条件： （一）符合银行卡清算机构发展规划; （二）具备持续经营能力; （三）具备良好的公司治理、…,"同时存在排除信号(银行业,银行业金融机构)，已据主体规则判定",低,人工复核：判断是否人身险公司经营相关；若确为财险/再保/中介主体则排除
145,nfra,金发〔2025〕14号,国家金融监督管理总局 中国人民银行中国证券监督管理委员会关于推进金融纠纷调解工作高质量发展的意见,分支机构 ,[body]…解纷方案快速审批等机制。在财务管理、审计、检查等内部监督工作中，体现对参与纠纷调解的支持导向，提升各部门、各级分支机构以及人员参与积极性。要认真研究吸纳金融纠纷调解组织的调解建议，建立溯源整改机制，从源头上减少纠纷。要定期总结参…,泛化命中'保险公司/保险机构'等，未明确指向人身险公司主体,低,人工复核：判断是否人身险公司经营相关；若确为财险/再保/中介主体则排除
146,nfra,金规〔2024〕25号,国家金融监督管理总局关于印发《金融机构非集中清算衍生品交易保证金管理办法》的通知,保险公司|保险资产管理 ,[meta]…型银行、股份制银行、外资银行、直销银行、金融资产管理公司、金融资产投资公司、理财公司，各保险集团（控股）公司、保险公司、保险资产管理公司、养老金管理公司，各金融控股公司：现将《金融机构非集中清算衍生品交易保证金管理办法》印发给你…,同时存在排除信号(金融资产)，已据主体规则判定,低,人工复核：判断是否人身险公司经营相关；若确为财险/再保/中介主体则排除
147,nfra,金规〔2024〕21号,国家金融监督管理总局关于印发中国出口信用保险公司监督管理办法的通知,保单|保险公司|保险资金|偿付能力|分支机构 ,[title]…国家金融监督管理总局关于印发中国出口信用保险公司监督管理办法的通知 金规〔2024〕21号各金融监管局、中国出口信用保险公司：现将《中国出口信用保险公司监督管…,泛化命中'保险公司/保险机构'等，未明确指向人身险公司主体,低,人工复核：判断是否人身险公司经营相关；若确为财险/再保/中介主体则排除
148,nfra,金规〔2024〕13号,国家金融监督管理总局关于做好续贷工作 提高小微企业金融服务水平的通知,偿付能力 ,[body]…量， 现就有关事项通知如下：一、 优化贷款服务模式。 银行业金融机构应当根据小微企业生产经营特点、 风险状况和偿付能力等因素， 优化贷款服务模式， 合理设置贷款期限， 丰富还款结息方式， 扩大信贷资金覆盖面。 持续开发续贷产品，…,"同时存在排除信号(金融资产,银行业金融机构)，已据主体规则判定",低,人工复核：判断是否人身险公司经营相关；若确为财险/再保/中介主体则排除
149,nfra,金规〔2024〕9号,国家金融监督管理总局关于加强和改进互联网财产保险业务监管有关事项的通知, 保险兼业代理,[body]…直辖市、计划单列市），并及时向拓展地的派出机构报告互联网财产保险业务拓展情况。财产保险公司通过互联网经营的短期健康险和意外伤害保险，应符合《中国银保监会办公厅关于进一步规范保险机构互联网人身保险业务有关事项的通知》（银保监办发…,"正文明确涉及人身保险/寿险/健康保险/养老险业务，适用主体包含人身险公司；规范保险销售/代理人行为，直接约束人身险公司销售队伍；同时存在排除信号(保险中介机构,保险公估,保险经纪)，已据主体规则判定",低,人工复核：判断是否人身险公司经营相关；若确为财险/再保/中介主体则排除
150,nfra,,工业和信息化部 财政部 金融监管总局关于进一步完善首台（套）重大技术装备首批次新材料保险补偿政策的意见,保险公司 ,[body]…障方案。支持生产制造单位根据装备、新材料产品特性和实际需要，在政策框架下自主决定投保险种、投保数量和投保年限。保险公司按照“保本微利”与“精算平衡”原则，定期开展保险费率回溯和动态调整。四、强化政策监督管理（七）依法依规投保承保…,泛化命中'保险公司/保险机构'等，未明确指向人身险公司主体,低,人工复核：判断是否人身险公司经营相关；若确为财险/再保/中介主体则排除
151,nfra,金规〔2024〕7号,国家金融监督管理总局发布《关于促进企业集团财务公司规范健康发展提升监管质效的指导意见》,保险机构 ,[body]…性改革，扎实推动财务公司行业高质量发展。坚持差异发展。引导财务公司为企业集团提供专业化、差异化金融支持，与银行保险机构形成优势互补、差异化服务的良好局面。坚持底线思维。有序推进财务公司风险化解处置，坚决惩治重大违法违规行为，严肃…,同时存在排除信号(银行业)，已据主体规则判定,低,人工复核：判断是否人身险公司经营相关；若确为财险/再保/中介主体则排除
152,nfra,金规〔2024〕6号,国家金融监督管理总局  中国人民银行关于优化已故存款人小额存款提取有关要求的通知,分支机构 ,[body]…引起的投诉、 诉讼、 资金损失， 办理人员尽到合理谨慎义务的， 实行尽职免责。 七、 银行业金融机构应当加大对分支机构落实已故存款人小额存款提取相关要求的培训和督促力度， 做好政策宣传， 切实加强和改进服务， 便利群众办理小额存…,"同时存在排除信号(银行业,银行业金融机构)，已据主体规则判定",低,人工复核：判断是否人身险公司经营相关；若确为财险/再保/中介主体则排除
153,nfra,金发〔2024〕5号,国家金融监督管理总局 工业和信息化部 国家发展改革委关于深化制造业金融服务 助力推进新型工业化的通知,保险产品|保险公司|保险机构|保险资产管理|保险资金|分支机构 ,[meta]…型银行、股份制银行、外资银行、直销银行、金融资产管理公司、金融资产投资公司、理财公司，各保险集团（控股）公司、保险公司、保险资产管理金融监管总局各监管局，各省、自治区、直辖市及计划单列市、新疆生产建设兵团工业和信息化主管部门、发…,"同时存在排除信号(金融资产,银行业金融机构)，已据主体规则判定",低,人工复核：判断是否人身险公司经营相关；若确为财险/再保/中介主体则排除
154,nfra,金规〔2023〕6号,国家金融监督管理总局关于加强中国出口信用保险公司地市级分支机构管理有关事项的通知,保险公司|分支机构 ,[title]…国家金融监督管理总局关于加强中国出口信用保险公司地市级分支机构管理有关事项的通知 国家金融监督管理总局关于各监管局，中国出口信用保险公司：为进一步加强中国出口…,泛化命中'保险公司/保险机构'等，未明确指向人身险公司主体,低,人工复核：判断是否人身险公司经营相关；若确为财险/再保/中介主体则排除
155,nfra,,汽车金融公司管理办法,分支机构 ,[body]…的最低限额。 第十条 汽车金融公司可以在全国范围内开展业务。未经国家金融监督管理总局批准，汽车金融公司不得设立分支机构。第十一条 经国家金融监督管理总局批准，汽车金融公司可以设立境外子公司。具体设立条件、程序及监管要求由国家金融…,同时存在排除信号(银行业)，已据主体规则判定,低,人工复核：判断是否人身险公司经营相关；若确为财险/再保/中介主体则排除
156,nfra,银保监规〔2022〕16号,中国银保监会关于印发商业银行和理财公司个人养老金业务管理暂行办法的通知, ,[meta]…理公司、养老金管理公司，中国银行保险信息技术管理有限公司、银行业理财登记托管中心有限公司：为推进多层次、多支柱养老保险体系建设，促 法规部    各银保监局，各大型银行、股份制银行、理财公司，各保险集团（控股）公司、保险公司、保…,"正文明确涉及人身保险/寿险/健康保险/养老险业务，适用主体包含人身险公司；同时存在排除信号(商业银行,银行业)，已据主体规则判定",低,人工复核：判断是否人身险公司经营相关；若确为财险/再保/中介主体则排除
157,nfra,银保监发〔2022〕29号,中国银保监会 中国人民银行关于推动动产和权利融资业务健康发展的指导意见,保险公司|分支机构 ,[body]…管方不得重复出具仓储单据或类似证明。在风险可控前提下，支持接受监管方签发的标准化、格式化电子仓单。银行机构可与保险公司合作，引入保险机制，加强押品灭失、失控等保险保障。（十三）推进新技术在押品管控中的应用。银行机构应积极推动运用…,同时存在排除信号(银行业)，已据主体规则判定,低,人工复核：判断是否人身险公司经营相关；若确为财险/再保/中介主体则排除
158,nfra,银保监办发〔2022〕70号,中国银保监会办公厅关于进一步推动金融服务制造业高质量发展的通知,保单|保险公司|保险机构|保险理赔|保险资产管理|保险资金|偿付能力|分支机构 ,[meta]…的通知 银保监办发〔2022〕70号 各银保监局，各政策性银行、大型银行、股份制银行，各保险集团（控股）公司、保险公司、保险资产管理公司：为深入贯彻落实党中央、国务院关于金融服务制造业的决策部署，进一步推动银行业保险业完善制造业…,同时存在排除信号(银行业)，已据主体规则判定,低,人工复核：判断是否人身险公司经营相关；若确为财险/再保/中介主体则排除
159,nfra,银保监发〔2022〕8号,中国银保监会 交通运输部关于银行业保险业支持公路交通高质量发展的意见,保险产品|保险公司|保险机构|保险资产管理|保险资金 ,[meta]…，各政策性银行、大型银行、股份制银行、外资银行、直销银行、金融资产管理公司、理财公司，各保险集团（控股）公司、保险公司、保险资产管理公司、养老金管理公司： 各银保监局，各省、自治区、直辖市交通运输厅（局、委），各政策性银行、大型…,"同时存在排除信号(金融资产,银行业,银行业金融机构)，已据主体规则判定",低,人工复核：判断是否人身险公司经营相关；若确为财险/再保/中介主体则排除
160,nfra,银保监发〔2022〕4号,中国银保监会 中国人民银行关于加强新市民金融服务工作的通知, ,[body]…发展普惠性学前教育责任险和意外险业务，为新市民家庭学龄前儿童教育抚养解决后顾之忧。六、加强与政府部门合作，提高健康保险服务水平（十六）充分发挥商业健康保险的补充作用。鼓励保险机构加强与医保部门合作，推动商业健康保险与基本医疗保险…,"正文明确涉及人身保险/寿险/健康保险/养老险业务，适用主体包含人身险公司；同时存在排除信号(信托公司,商业银行,银行业)，已据主体规则判定",低,人工复核：判断是否人身险公司经营相关；若确为财险/再保/中介主体则排除
161,nfra,银保监规〔2022〕3号,中国银保监会关于印发融资租赁公司非现场监管规程的通知,分支机构 ,[body]…赁公司非现场监管主体责任，负责本地区融资租赁公司法人机构非现场监管工作。融资租赁公司跨省、自治区、直辖市设立的分支机构和特殊项目公司（SPV)，其非现场监管工作由融资租赁公司法人机构注册地地方金融监管部门负责，分支机构和特殊项目…,泛化命中'保险公司/保险机构'等，未明确指向人身险公司主体,低,人工复核：判断是否人身险公司经营相关；若确为财险/再保/中介主体则排除
162,nfra,中国银行保险监督管理委员会令〔2021〕11号,保险公司非寿险业务准备金管理办法, ,[body]…中华人民共和国保险法》(以下简称《保险法》)等法律、行政法规，制定本办法。第二条 本办法所称非寿险业务，是指除人寿保险业务以外的保险业务，包括财产损失保险、责任保险、信用保险、保证保险、短期健康保险和意外伤害保险业务以及上述业务…,"文件主体/适用对象明确为人身险/寿险/健康险/养老险公司（含其资管子公司）；同时存在排除信号(再保险公司,财产保险公司)，已据主体规则判定",低,人工复核：判断是否人身险公司经营相关；若确为财险/再保/中介主体则排除
163,nfra,银保监发〔2021〕40号,中国银保监会关于印发派出机构规范性文件备案审查办法的通知,保险机构 ,[body]…党中央、国务院决策以及银保监会改革发展政策和工作部署提出监管要求的文件； （二）在法定职权范围内，规范辖内银行保险机构经营管理和业务发展提出监管要求的文件；（三）银保监局制定的规范监管行为的文件；（四）配合地方政府发布的就金融支…,同时存在排除信号(银行业)，已据主体规则判定,低,人工复核：判断是否人身险公司经营相关；若确为财险/再保/中介主体则排除
164,nfra,银保监办发〔2021〕97号,中国银保监会办公厅关于印发支持国家乡村振兴重点帮扶县工作方案的通知,保单|保险产品|保险公司|保险机构|保险理赔|保险资金|分支机构 ,[meta]…国家乡村振兴重点帮扶县工作方案的通知 各银保监局，各政策性银行、大型银行、股份制银行，各保险集团（控股）公司、保险公司：各银保监局，各政策性银行、大型银行、股份制银行，各保险集团（控股）公司、保险公司：为认真贯彻落实《中共中央…,同时存在排除信号(银行业金融机构)，已据主体规则判定,低,人工复核：判断是否人身险公司经营相关；若确为财险/再保/中介主体则排除
165,nfra,银保监办发〔2021〕94号,中国银保监会办公厅关于金融服务乡村振兴创新示范区建设工作的通知,保险机构|保险理赔 ,[body]…共享机制建设。推动地方政府构建域内综合金融服务平台，整合财税、农业农村、市场监管、社保等涉农信用信息，指导银行保险机构共建共享。加强农村信用信息在撮合金融供需、提升信贷获取便利、改进银行机构风险控制效率等方面的作用。推动地方政府…,同时存在排除信号(银行业)，已据主体规则判定,低,人工复核：判断是否人身险公司经营相关；若确为财险/再保/中介主体则排除
166,nfra,银保监发〔2021〕25号,中国银保监会关于印发深化“证照分离”改革 进一步激发市场主体发展活力实施方案的通知,保险公司|保险公司分支机构|保险机构|分支机构 ,[body]…、减环节。在自由贸易试验区内，进一步加大改革试点力度，采取“审批改为备案”的改革方式，结合监管实际，将部分银行保险机构分支机构设立、高级管理人员任职资格核准等事项由事前审批改为事后报告，自由贸易试验区所在县、不设区的市、市辖区的…,同时存在排除信号(银行业)，已据主体规则判定,低,人工复核：判断是否人身险公司经营相关；若确为财险/再保/中介主体则排除
167,nfra,银保监办发〔2021〕39号,中国银保监会办公厅 住房和城乡建设部办公厅 中国人民银行办公厅关于防止经营用途贷款违规流入房地产领域的通知,分支机构 ,[body]…，进一步强化合规意识和审慎经营理念，认真梳理经营用途贷款业务操作流程，扎紧制度笼子，切实强化内部问责。要加强对分支机构经营用途贷款的监测分析。要加强员工异常行为监控，严防内外勾结，对相关违法违规人员依法严格问责。七、加强中介机构…,同时存在排除信号(银行业金融机构)，已据主体规则判定,低,人工复核：判断是否人身险公司经营相关；若确为财险/再保/中介主体则排除
168,nfra,银保监发〔2021〕6号,中国银保监会、财政部、中国人民银行、国家乡村振兴局联合发布《关于深入扎实做好过渡期脱贫人口小额信贷工作的通知》,保险公司|分支机构 ,[body]…好贷前调查、贷中审查、贷后管理，及时准确掌握贷款资金流向。（二）稳妥处置逾期贷款。监管部门、财政部门、人民银行分支机构、扶贫（乡村振兴）部门等部门要全面监测掌握脱贫人口小额信贷情况，加强分析研判，及时提示风险，合力解决突出问题。…,泛化命中'保险公司/保险机构'等，未明确指向人身险公司主体,低,人工复核：判断是否人身险公司经营相关；若确为财险/再保/中介主体则排除
169,nfra,,中国银保监会办公厅关于印发银保监会现场检查立项和实施程序规定（试行）的通知,分支机构 ,[body]…直接监管对象进行现场检查立项。监管对象所在地的银保监会派出机构（以下称属地监管机构）认为其所监管法人机构的异地分支机构可能存在重大风险的，可以向该分支机构的属地监管机构提出现场检查立项建议。第四条 银保监会及其派出机构的专职现场…,同时存在排除信号(银行业)，已据主体规则判定,低,人工复核：判断是否人身险公司经营相关；若确为财险/再保/中介主体则排除
170,nfra,其他〔2020〕14号,财政部 国务院国资委 银保监会关于加强会计师事务所执业管理切实提高审计质量的实施意见,偿付能力 ,"[meta]…务院有关决定精神，为加强会计师事务所执业管理,切实促进提高会计师事务所审计质量，现提出以下实施意见。 财会部(偿付能力部)    财政部 国务院国资委 银保监会关于加强财会〔2020〕14号 各省、自治区、直辖市财政厅（局）、国…",泛化命中'保险公司/保险机构'等，未明确指向人身险公司主体,低,人工复核：判断是否人身险公司经营相关；若确为财险/再保/中介主体则排除
171,nfra,银保监发〔2020〕46号,中国银保监会 湖北省人民政府关于印发东湖科技保险创新示范区总体方案的通知, ,[body]…发展产品研发责任险、关键研发设备保险等产品，支持“智能制造”和“机器换人”，大力发展高管人员和关键研发人员团体健康保险、高管人员和关键研发人员团体意外保险，为科技企业的业务骨干、关键研发人员提供一揽子保险。继续开展营业中断损失险…,"正文明确涉及人身保险/寿险/健康保险/养老险业务，适用主体包含人身险公司；同时存在排除信号(保险中介机构,保险公估,保险经纪公司)，已据主体规则判定",低,人工复核：判断是否人身险公司经营相关；若确为财险/再保/中介主体则排除
172,nfra,银保监发〔2020〕37号,中国银保监会关于印发融资担保公司非现场监管规程的通知,分支机构 ,[body]…监管部际联席会议成员单位的信息共享和互联互通。监督管理部门承担非现场监管主责，负责本地区融资担保公司法人机构和分支机构非现场监管工作。融资担保公司跨省、自治区、直辖市设立的分支机构，其非现场监管工作由分支机构所在地监督管理部门负…,"同时存在排除信号(金融资产,银行业,银行业金融机构)，已据主体规则判定",低,人工复核：判断是否人身险公司经营相关；若确为财险/再保/中介主体则排除
173,nfra,中国银行保险监督管理委员会令〔2020〕2号,中国银保监会信访工作办法,保险产品|保险机构 ,[body]…十二条 银行保险监督管理机构对下列不属于信访事项的请求，应依照有关规定程序处理并告知材料提交人。（一）举报银行保险机构或其工作人员违反相关银行保险监管法律、行政法规、部门规章和其他规范性文件；举报公民、法人或者其他组织涉嫌非法设…,同时存在排除信号(银行业)，已据主体规则判定,低,人工复核：判断是否人身险公司经营相关；若确为财险/再保/中介主体则排除
174,nfra,,中国银保监会办公厅关于加强商业保理企业监督管理的通知,保险公司|保险机构|分支机构 ,[body]…范工作，并向银保监会报告。（二十一）商业保理企业住所地金融监管局要牵头负责跨区域经营商业保理企业的监管，加强与分支机构所在地金融监管局的协调配合，定期共享跨区域经营的商业保理企业分支机构名单和经营信息，避免重复监管和监管真空。六…,同时存在排除信号(银行业金融机构)，已据主体规则判定,低,人工复核：判断是否人身险公司经营相关；若确为财险/再保/中介主体则排除
175,nfra,财金〔2019〕1491号,国家发展改革委 银保监会关于深入开展“信易贷”支持中小微企业融资的通知,保险公司 ,[body]…风险防控。 金融机构应当建立覆盖贷前贷中贷后的一体化风险防控体系，加强监测预警和提前处置。鼓励银行业金融机构与保险公司开展信用保证保险等业务合作，完善风险分担机制。 （五）加大宣传力度。 依托部门政务服务大厅、银行网点、服务热线…,同时存在排除信号(银行业金融机构)，已据主体规则判定,低,人工复核：判断是否人身险公司经营相关；若确为财险/再保/中介主体则排除
176,nfra,银保监办发〔2019〕189号,中国银保监会办公厅   农业农村部办公厅关于支持做好稳定生猪生产保障市场供应有关工作的通知,保险公司|保险资产管理|保险资金 ,[meta]…计划单列市农业农村（农牧）厅（委、局），各政策性银行、大型银行、股份制银行，邮储银行，各保险集团（控股）公司、保险公司、保险资产管理公司：为贯彻落实 政研局    机密★公开前 特急   中国银保监会办公厅   农业农村部办公厅…,"同时存在排除信号(银行业,银行业金融机构)，已据主体规则判定",低,人工复核：判断是否人身险公司经营相关；若确为财险/再保/中介主体则排除
177,nfra,银保监办发〔2019〕150号,中国银保监会办公厅转发关于推动出入境证件便利化应用工作方案的通知,保险机构 ,[body]…问题，请及时报告银保监会。特此通知。中国银保监会办公厅 2019年7月1日 （此件发至银保监分局和地方法人银行保险机构） 现将国家移民管理局等十六个部门联合印发的《关于印发<关于推动出入境证件便利化应用的工作方案>的通知》（国移…,泛化命中'保险公司/保险机构'等，未明确指向人身险公司主体,低,人工复核：判断是否人身险公司经营相关；若确为财险/再保/中介主体则排除
178,nfra,银保监办发〔2019〕143号,中国银保监会办公厅关于资产支持计划注册有关事项的通知,保险机构|保险资产管理|保险资金 ,[meta]…注册有关事项的通知 中国银保监会办公厅关于。资产支持计划注册有关事项的通知。银保监办发〔2019〕143号。各保险资产管理公司:。为进一步落实国务院“放管服”工作部署，推动资产支持计划（以下简称支持计划）业务发展，提高监管效率和透明…,泛化命中'保险公司/保险机构'等，未明确指向人身险公司主体,低,人工复核：判断是否人身险公司经营相关；若确为财险/再保/中介主体则排除
179,nfra,银监办发〔2018〕13号,中国银监会办公厅关于印发银监会机关银行业消费者投诉处理规程的通知,分支机构 ,[body]…行业从业人员的投诉事项，按照属地原则转交相应银监局办理。（二）涉及经营规则、业务系统等，或者其他银行业金融机构分支机构无法办理或无权办理的投诉事项，转交当事银行业金融机构总行（部）办理。（三）对于适宜采用第三方调解方式处理的投诉…,"同时存在排除信号(金融资产,银行业,银行业金融机构)，已据主体规则判定",低,人工复核：判断是否人身险公司经营相关；若确为财险/再保/中介主体则排除
180,nfra,保监发〔2013〕25号,中国银保监会关于同意中航安盟财产保险有限公司开展“保险+期货”试点的函,保险产品|保险条款|保险资金 ,[body]…结构设置费率调节因子。  三、 你公司参与农产品期货/期权交易应经公司董事会决议通过。  四、 你公司应参照《保险资金参与金融衍生产品交易暂行办法》有关要求， 建立健全参与农产品期货/期权交易的内部管理制度和运作机制， 配备熟悉…,泛化命中'保险公司/保险机构'等，未明确指向人身险公司主体,低,人工复核：判断是否人身险公司经营相关；若确为财险/再保/中介主体则排除
181,nfra,保监发〔2013〕25号,中国银保监会关于同意中国平安财产保险股份有限公司开展“保险+期货”试点的函,保险产品|保险条款|保险资金 ,"[body]…因子。  三、 你公司参与玉米、 棉花、 鸡蛋等农产品期权交易应经公司董事会决议通过。  四、 你公司应参照《保险资金参与金融衍生产品交易暂行办法》有关要求, 建立健全参与农产品期权交易的内部管理制度和运作机制, 配备熟悉期货期…",泛化命中'保险公司/保险机构'等，未明确指向人身险公司主体,低,人工复核：判断是否人身险公司经营相关；若确为财险/再保/中介主体则排除
182,nfra,国办发〔2017〕84号,中国银行保险监督管理委员会办公厅关于规范银行业金融机构跨省票据业务的通知,分支机构 ,[meta]…风险，提升服务实体经济质效，现就跨省票据业务有关事项通知如下:一、本通知所称跨省票据业务是指银行业金融机构及其分支机构为其所在省（自治区、直辖市）以外地区注册的企业 审慎规制局    中国银行保险监督管理委员会办公厅关于中国银行…,同时存在排除信号(银行业金融机构)，已据主体规则判定,低,人工复核：判断是否人身险公司经营相关；若确为财险/再保/中介主体则排除
183,nfra,保监会令2018年第4号,中国保险监督管理委员会关于修改《中华人民共和国外资保险公司管理条例实施细则》等四部规章的决定,保险公司|保险机构 ,[title]…中国保险监督管理委员会关于修改《中华人民共和国外资保险公司管理条例实施细则》等四部规章的决定 保监会令2018年第4号。现公布《中国保险监督管理委员会关于修改〈中华人民…,泛化命中'保险公司/保险机构'等，未明确指向人身险公司主体,低,人工复核：判断是否人身险公司经营相关；若确为财险/再保/中介主体则排除
184,nfra,银监会令2017年第4号,中国农业发展银行监督管理办法（中国银监会令2017年第4号）,分支机构 ,[body]…并、重大投资、重大资产购置与处置、重大对外担保（银行担保业务除外）等；（八）审议批准内部管理机构以及境内外一级分支机构设置、调整和撤销方案，对一级子行（子公司）的设立、分立、合并、资本金变动等事项作出决议，审议子公司章程；（九）…,"同时存在排除信号(银行业,银行业金融机构)，已据主体规则判定",低,人工复核：判断是否人身险公司经营相关；若确为财险/再保/中介主体则排除
185,nfra,银监会令2017年第3号,中国进出口银行监督管理办法（中国银监会令 2017年第3号),分支机构 ,[body]…、重大投资、重大资产购置与处置、重大对外担保（银行担保业务除外）等； （八）审议批准内部管理机构以及境内外一级分支机构设置、调整和撤销方案，对一级子行（子公司）的设立、分立、合并、资本金变动等事项作出决议，审议子公司章程；（九）…,"同时存在排除信号(银行业,银行业金融机构)，已据主体规则判定",低,人工复核：判断是否人身险公司经营相关；若确为财险/再保/中介主体则排除
186,nfra,银监会令2017年第2号,国家开发银行监督管理办法（中国银监会令 2017年第2号),分支机构 ,[body]…险管理、内部控制等基本管理制度；（六）制定董事会议事规则及其修订方案；（七）审议批准内部管理机构以及境内外一级分支机构设置、调整和撤销方案，对附属机构的设立、资本金变动等作出决议，审议附属机构章程；（八）决定对董事长和经营管理层…,"同时存在排除信号(银行业,银行业金融机构)，已据主体规则判定",低,人工复核：判断是否人身险公司经营相关；若确为财险/再保/中介主体则排除
187,nfra,中国银行保险监督管理委员会令〔2017〕3号,中国进出口银行监督管理办法,分支机构 ,[body]…并、重大投资、重大资产购置与处置、重大对外担保（银行担保业务除外）等；（八）审议批准内部管理机构以及境内外一级分支机构设置、调整和撤销方案，对一级子行（子公司）的设立、分立、合并、资本金变动等事项作出决议，审议子公司章程；（九）…,"同时存在排除信号(银行业,银行业金融机构)，已据主体规则判定",低,人工复核：判断是否人身险公司经营相关；若确为财险/再保/中介主体则排除
188,nfra,银行业监督管理委员会令〔2017〕4号,中国农业发展银行监督管理办法,分支机构 ,[body]…并、重大投资、重大资产购置与处置、重大对外担保（银行担保业务除外）等；（八）审议批准内部管理机构以及境内外一级分支机构设置、调整和撤销方案，对一级子行（子公司）的设立、分立、合并、资本金变动等事项作出决议，审议子公司章程；（九）…,"同时存在排除信号(银行业,银行业金融机构)，已据主体规则判定",低,人工复核：判断是否人身险公司经营相关；若确为财险/再保/中介主体则排除
189,nfra,保监发〔2013〕25号,中国保监会关于中煤财产保险股份有限公司开展“保险 期货”试点的通知,保险产品|保险条款|保险资金 ,[body]…小麦、 鸡蛋等农产品场外期权交易应经董事会决议通过， 并向我会出具董事会风险知晓函。  四、 你公司应参照《保险资金参与金融衍生产品交易暂行办法》有关要求， 建立健全参与玉米、 小麦、 鸡蛋等农产品期权交易的内部管理制度和运作…,泛化命中'保险公司/保险机构'等，未明确指向人身险公司主体,低,人工复核：判断是否人身险公司经营相关；若确为财险/再保/中介主体则排除
190,nfra,工信部联原〔2017〕222号,工业和信息化部 财政部 保监会关于开展重点新材料首批次应用保险补偿机制试点工作的通知,保险产品|保险公司 ,[body]…首台套装备的材料不在本政策支持范围。 （二）保险险种及保障范围 保监会针对新材料推广应用中存在的特殊风险，指导保险公司提供定制化的新材料产品质量安全责任保险产品（以下简称新材料保险），承保新材料质量风险、责任风险。承保的质量风险…,泛化命中'保险公司/保险机构'等，未明确指向人身险公司主体,低,人工复核：判断是否人身险公司经营相关；若确为财险/再保/中介主体则排除
191,nfra,银监办发〔2017〕108号,中国银监会办公厅关于全力做好四川和新疆地震灾区银行业金融服务工作的通知,分支机构 ,[body]…服务不断、 秩序不乱。 各银行业金融机构要把抗震救灾工作作为当前的第一要务， 启动地震灾害应急预案， 督促灾区分支机构救灾领导机构切实发挥作用， 确保抗震救灾工作有序推进。 二、 做好应急保障切实防止次生灾害要按照地方政府的统一…,"同时存在排除信号(银行业,银行业金融机构)，已据主体规则判定",低,人工复核：判断是否人身险公司经营相关；若确为财险/再保/中介主体则排除
192,nfra,保监财会〔2017〕181号,中国保监会关于暂免征保险业监管费有关事项的通知,保险公司|保险机构|保险资产管理 ,[meta]…中国保监会关于暂免征保险业监管费有关事项的通知 保监财会〔2017〕181号   各保监局，各保险公司、保险资产管理公司、保险专业中介机构，外国保险机构代表处：   根据《财政部 国家发改委关于暂免征银行业监管费…,同时存在排除信号(银行业)，已据主体规则判定,低,人工复核：判断是否人身险公司经营相关；若确为财险/再保/中介主体则排除
193,nfra,保监发〔2017〕49号,中国保监会关于进一步贯彻落实疏解北京非首都功能有关政策意见的通知,保险公司|保险机构|保险资产管理|分支机构 ,[meta]…的通知 保监发〔2017〕49号   机关各部门，北京保监局、天津保监局、河北保监局，各保险集团（控股）公司、保险公司、保险资产管理公司、保险专业中介机构：   为深入贯彻党中央、国务院关于疏解北京非首都功能控增量、疏存量的要求…,泛化命中'保险公司/保险机构'等，未明确指向人身险公司主体,低,人工复核：判断是否人身险公司经营相关；若确为财险/再保/中介主体则排除
194,nfra,保监发〔2017〕39号,中国保监会关于发布《产险单证（JRT0051-2017）》行业标准的通知 ,保险公司|保险资产管理 ,[meta]…司、上海保险交易所股份有限公司、中国保险报业股份有限公司，中国保险行业协会、中国保险学会、中国精算师协会、中国保险资产管理业协会，各保险公司、保险资产管理公司：   全国金融标准化技术委员会保险分技术委员会对《产险单证（JR/T00…,泛化命中'保险公司/保险机构'等，未明确指向人身险公司主体,低,人工复核：判断是否人身险公司经营相关；若确为财险/再保/中介主体则排除
195,nfra,保监发〔2017〕37号,中国保监会关于发布《化学原料及化学制品制造业责任保险风险评估指引（JRT0152-2017）》行业标准的通知,保险公司|保险资产管理 ,[meta]…司、上海保险交易所股份有限公司、中国保险报业股份有限公司，中国保险行业协会、中国保险学会、中国精算师协会、中国保险资产管理业协会，各保险公司、保险资产管理公司、保险专业中介机构：。     保监发〔2017〕37 号 机关各部门，…,泛化命中'保险公司/保险机构'等，未明确指向人身险公司主体,低,人工复核：判断是否人身险公司经营相关；若确为财险/再保/中介主体则排除
196,nfra,保监发〔2012〕92号,中国保监会关于债权投资计划投资重大工程有关事项的通知,保险公司|保险资产管理|保险资金 ,[meta]…国保监会关于债权投资计划投资重大工程有关事项的通知 保监资金〔2017〕135号   各保险集团（控股）公司、保险公司、保险资产管理公司：   为支持保险资金投资关系国计民生的重大工程，进一步服务实体经济，根据《基础设施债权投资…,泛化命中'保险公司/保险机构'等，未明确指向人身险公司主体,低,人工复核：判断是否人身险公司经营相关；若确为财险/再保/中介主体则排除
197,nfra,,关于《国家税务总局 财政部 中国人民银行 中国银行业监督管理委员会 中国证券监督管理委员会 中国保险监督管理委员会关于发布〈非居民金融账户涉税信息尽职调查管理办法〉的公告》的解读, ,[body]…，因此，《管理办法》参照国际标准也规定了一些免予尽职调查的账户，例如符合条件的退休金账户、社会保障类账户、定期人寿保险合同、休眠账户以及其他符合条件的账户等。相关条件在《管理办法》中均有具体规定。 十六、所有类别账户的尽职调查程…,"正文明确涉及人身保险/寿险/健康保险/养老险业务，适用主体包含人身险公司；同时存在排除信号(信托公司,商业银行,基金管理公司)，已据主体规则判定",低,人工复核：判断是否人身险公司经营相关；若确为财险/再保/中介主体则排除
198,nfra,,中国银监会关于切实弥补监管短板提升监管效能的通知,分支机构 ,[body]…结果进行通报，强化震慑效应。六、强化责任追究（一）严肃银行业金融机构责任追究。银行业金融机构要细化各业务条线、分支机构、业务岗位的职责，明确尽职要求和失职责任，建立规范化、流程化的责任追究体系，做到尽职免责、失职追责。要指定专门…,"同时存在排除信号(银行业,银行业金融机构)，已据主体规则判定",低,人工复核：判断是否人身险公司经营相关；若确为财险/再保/中介主体则排除
199,nfra,银监发〔2017〕1号,中国银监会关于规范银行业服务企业走出去 加强风险防控的指导意见,保险公司|分支机构 ,[body]…强化资金监管，防范信贷资金挪用和逃废债等行为。当客户出现重大风险情况时，应及时采取有效措施，缓释风险。对当地无分支机构或代理行进行有效贷后管理的非出口信贷类业务，应审慎介入。 （十三）加强担保管理和风险分担。银行业金融机构应严格…,"同时存在排除信号(金融资产,银行业,银行业金融机构)，已据主体规则判定",低,人工复核：判断是否人身险公司经营相关；若确为财险/再保/中介主体则排除
200,nfra,银发〔2015〕221号,关于印发《P2P网络借贷风险专项整治工作实施方案》的通知,分支机构 ,[body]…包括：一是网贷机构基本情况，包括但不限于股东或出资人、实际控制人、法定代表人、注册资本、借贷余额、出借人总数、分支机构数量及分布等。二是网贷机构各类产品及业务运营情况，包括产品期限、综合收益率、逾期率等。三是网贷机构存在的主要问…,同时存在排除信号(银行业金融机构)，已据主体规则判定,低,人工复核：判断是否人身险公司经营相关；若确为财险/再保/中介主体则排除
201,nfra,国家互联网信息办公室令2016年第1号,网络借贷信息中介机构业务活动管理暂行办法（银监会令[2016]1号）,分支机构 ,[body]…互联网信息内容等业务进行监管。 第二章 备案管理 第五条 拟开展网络借贷信息中介服务的网络借贷信息中介机构及其分支机构，应当在领取营业执照后，于10个工作日以内携带有关材料向工商登记注册地地方金融监管部门备案登记。地方金融监管部…,"同时存在排除信号(银行业,银行业金融机构)，已据主体规则判定",低,人工复核：判断是否人身险公司经营相关；若确为财险/再保/中介主体则排除
202,nfra,国发〔2015〕22号,银行卡清算机构管理办法,分支机构 ,[body]…变更与终止第二十五条 银行卡清算机构有下列变更事项之一的，应当按规定向中国人民银行提交变更申请材料：（一）设立分支机构。（二）分立或者合并。（三）变更公司名称或者公司章程。（四）变更注册资本。（五）变更主要出资人或其他单一持股比…,"同时存在排除信号(银行业,银行业金融机构)，已据主体规则判定",低,人工复核：判断是否人身险公司经营相关；若确为财险/再保/中介主体则排除
203,nfra,国发〔2012〕20号,国务院食品安全办 食品药品监管总局 保监会关于开展食品安全责任保险试点工作的指导意见,保险产品|保险公司|保险机构|保险条款|保险消费者|保险理赔|保险销售 ,[body]…险的重要意义和积极作用，结合实际开展食品安全责任保险试点，充分发挥保险的风险控制和社会管理功能，探索建立政府、保险机构、企业、消费者多方参与、互动共赢的激励约束机制和风险防控机制，为全面推行食品安全责任保险制度积累经验。 二、明…,泛化命中'保险公司/保险机构'等，未明确指向人身险公司主体,低,人工复核：判断是否人身险公司经营相关；若确为财险/再保/中介主体则排除
204,nfra,国发〔2006〕23号,中国保险监督管理委员会 浙江省人民政府关于在浙江省宁波市建设保险创新综合示范区的通知, ,[body]…水平， 逐步扩大新农合附加意外伤害险的试点区域和范围； 鼓励保险公司兴办医疗机构， 积极参与医改； 做好延税型养老保险和变额年金试点的各项前期准备工作， 积极争取试点机会。  （三）大力开展保险产品创新， 促进经济转型升级。…,正文明确涉及人身保险/寿险/健康保险/养老险业务，适用主体包含人身险公司,低,人工复核：判断是否人身险公司经营相关；若确为财险/再保/中介主体则排除
205,nfra,保监发〔2014〕20号,中国保险监督管理委员会 北京市人民政府关于加快推动北京保险产业园创新发展的意见, 保险兼业代理,[body]…资城市基础设施建设和战略性新兴产业；服务创新驱动，积极推进科技保险发展，为产业升级和技术创新提供保障；大力发展健康保险、养老保险等，鼓励商业保险积极参与多层次社会保障体系建设和社会公共服务，更好地服务社会管理创新；探索巨灾保险制…,正文明确涉及人身保险/寿险/健康保险/养老险业务，适用主体包含人身险公司；规范保险销售/代理人行为，直接约束人身险公司销售队伍,低,人工复核：判断是否人身险公司经营相关；若确为财险/再保/中介主体则排除
206,nfra,保监稽查〔2013〕643号,关于印发《保监局案件风险监管考核办法（试行）》的通知,保险公司|保险机构 ,[body]…切实防范、化解案件风险，制定本办法。 第二条 本办法考核的保险案件包括业内案件和业外案件两大类。 业内案件是指保险公司、保险中介公司及保险从业人员，因执业行为，独立或共同实施，或与外部人员合伙实施的，触犯刑法，涉嫌侵占、挪用、诈…,泛化命中'保险公司/保险机构'等，未明确指向人身险公司主体,低,人工复核：判断是否人身险公司经营相关；若确为财险/再保/中介主体则排除
207,nfra,保监发〔2013〕66号,中国保监会关于专业网络保险公司开业验收有关问题的通知,保单|保险公司|保险条款|保险消费者 ,[title]…中国保监会关于专业网络保险公司开业验收有关问题的通知 保监发〔2013〕66号。各中资保险公司筹备组：。为了有效防范风险，保护保险消费者利益…,泛化命中'保险公司/保险机构'等，未明确指向人身险公司主体,低,人工复核：判断是否人身险公司经营相关；若确为财险/再保/中介主体则排除
208,nfra,国发〔2011〕35号,关于开展环境污染强制责任保险试点工作的指导意见,保险产品|保险公司|保险条款 ,[body]…门和保险监管部门联合推动地方人大和人民政府，制定发布了一系列推进环境污染责任保险的法规、规章和规范性文件，引导保险公司开发相关保险产品，鼓励和督促高环境风险企业投保，取得积极进展。 根据环境风险管理的新形势新要求，开展环境污染强…,"同时存在排除信号(保险经纪机构,银行业金融机构)，已据主体规则判定",低,人工复核：判断是否人身险公司经营相关；若确为财险/再保/中介主体则排除
209,nfra,保监资金〔2013〕93号,关于债权投资计划注册有关事项的通知,保险资产管理|保险资金 ,[meta]…关于债权投资计划注册有关事项的通知 保监资金〔2013〕93号。各保险资产管理公司：。为推动债权投资计划业务创新发展，提高监管效率和透明程度，根据《基础设施债权投资计划管理暂行规定》《保险…,泛化命中'保险公司/保险机构'等，未明确指向人身险公司主体,低,人工复核：判断是否人身险公司经营相关；若确为财险/再保/中介主体则排除
210,nfra,保监厅发〔2012〕75号,关于印发《中国保监会电子文件传输系统管理暂行办法》的通知,保险公司|保险公司分支机构|保险资产管理|分支机构 ,[meta]…保监会电子文件传输系统管理暂行办法》的通知 保监厅发〔2012〕75号。各保监局，机关各部门，各保险集团公司、保险公司、保险资产管理公司：。为规范电子文件传输系统的操作使用，保证系统的安全稳定运行，中国保监会办公厅制定了《中国保…,泛化命中'保险公司/保险机构'等，未明确指向人身险公司主体,低,人工复核：判断是否人身险公司经营相关；若确为财险/再保/中介主体则排除
211,nfra,银监办发〔2012〕189号,中国银监会办公厅关于农村中小金融机构实施富民惠农金融创新工程的指导意见,保险机构 ,[body]…信用、 联保和互保等贷款担保方式； 积极鼓励以政府资金为主体设立的各类担保机构为涉农业务提供融资担保； 加强与保险机构合作， 探索开展涉农贷款保证保险业务等业务品种。 在全面调查农户信用状况等“软信息”基础上， 适当降低担保门槛…,泛化命中'保险公司/保险机构'等，未明确指向人身险公司主体,低,人工复核：判断是否人身险公司经营相关；若确为财险/再保/中介主体则排除
212,nfra,国发〔2012〕11号,关于贯彻落实《“十二五期间”深化医药卫生体制改革规划暨实施方案》的通知, ,[body]…奠定坚实基础。 《医改“十二五”规划》是未来四年深化医药卫生体制改革的纲领性和指导性文件， 对保险业尤其是商业健康保险的发展也具有重要的指导意义。  医改是一项事关国计民生的重大民生工程、 民心工程、 发展工程， 是一项功在当代…,正文明确涉及人身保险/寿险/健康保险/养老险业务，适用主体包含人身险公司,低,人工复核：判断是否人身险公司经营相关；若确为财险/再保/中介主体则排除
213,nfra,保监发〔2012〕45号,关于上市保险公司发行次级可转换债券有关事项的通知,保单|保险公司|偿付能力 ,[title]…关于上市保险公司发行次级可转换债券有关事项的通知 保监发〔2012〕45号。各保险公司：。为拓宽保险公司资本补充渠道，提高保险…,泛化命中'保险公司/保险机构'等，未明确指向人身险公司主体,低,人工复核：判断是否人身险公司经营相关；若确为财险/再保/中介主体则排除
214,nfra,保监厅发〔2012〕6号,关于调整外资保险公司部分行政许可项目有关事项的通知,保险公司|保险公司分支机构|分支机构 ,[title]…关于调整外资保险公司部分行政许可项目有关事项的通知 保监厅发〔2012〕6号。各保监局，各外资保险公司：。为优化流程，提高效率，我…,泛化命中'保险公司/保险机构'等，未明确指向人身险公司主体,低,人工复核：判断是否人身险公司经营相关；若确为财险/再保/中介主体则排除
215,nfra,保监发〔2009〕111号,关于进一步完善财产保险承保理赔信息客户自主查询制度的通知, ,[body]…实现财产保险全险种领域（特殊风险业务除外）的查询，其中：非车险查询内容至少应当实现附件1所列明的查询项目（短期健康险、意外险查询内容参照保监发〔2009〕91号文件相关要求执行）；车险查询内容应当在实现111号文要求的基础上增…,正文明确涉及人身保险/寿险/健康保险/养老险业务，适用主体包含人身险公司；同时存在排除信号(财产保险公司)，已据主体规则判定,低,人工复核：判断是否人身险公司经营相关；若确为财险/再保/中介主体则排除
216,nfra,保监发〔2011〕16号,关于改进服务质量 落实服务承诺有关问题的通知,保险公司|保险理赔 ,[meta]…关于改进服务质量 落实服务承诺有关问题的通知 保监发〔2011〕16号。各保险公司、各保监局、中国保险行业协会:。近年来，保险业深入贯彻落实科学发展观，积极转变发展方式，不断强化服务意识，努力…,泛化命中'保险公司/保险机构'等，未明确指向人身险公司主体,低,人工复核：判断是否人身险公司经营相关；若确为财险/再保/中介主体则排除
217,nfra,国办发〔2010〕28号,关于公布规章和规范性文件清理结果的通知,保险公司 ,[meta]…关于公布规章和规范性文件清理结果的通知 保监发〔2010〕100号。各保监局、各保险公司：。根据《国务院办公厅关于做好规章清理工作有关问题的通知》（国办发〔2010〕28号）的要求，我会对成立以来发…,泛化命中'保险公司/保险机构'等，未明确指向人身险公司主体,低,人工复核：判断是否人身险公司经营相关；若确为财险/再保/中介主体则排除
218,nfra,国办发〔2010〕28号,关于修改部分规章的决定, ,[body]…任职资格的行政处罚的”。 删去第二十七条。 删去第二十八条中“除前款规定的情形外”的表述。 （三）将《保险公司养老保险业务管理办法》（保监会令〔2007〕4号）第四十八条修改为“对违反《保险法》规定经营养老年金保险业务、尚未构成…,正文明确涉及人身保险/寿险/健康保险/养老险业务，适用主体包含人身险公司,低,人工复核：判断是否人身险公司经营相关；若确为财险/再保/中介主体则排除
219,nfra,,旅行社责任保险管理办法,保险公司|保险条款 ,[body]…或者领队人员依法应当承担的赔偿责任为保险标的的保险。 第三条 投保旅行社责任保险的旅行社和承保旅行社责任保险的保险公司，应当遵守本办法。 第二章 投 保 第四条 旅行社责任保险的保险责任，应当包括旅行社在组织旅游活动中依法对旅游…,泛化命中'保险公司/保险机构'等，未明确指向人身险公司主体,低,人工复核：判断是否人身险公司经营相关；若确为财险/再保/中介主体则排除
220,nfra,中国银行业监督管理委员会令2010年第6号,融资性担保公司董事、监事、高级管理人员任职资格管理暂行办法（中国银行业监督管理委员会令2010年第6号）,分支机构 ,[body]…称谓不同， 但实际履行董事、 监事、 高级管理人员职责的人员， 应当纳入本办法的任职资格管理。 融资性担保公司分支机构总经理的任职资格管理适用本办法关于高级管理人员的有关规定。 第三条  担任融资性担保公司董事、 监事、 高级管…,同时存在排除信号(银行业)，已据主体规则判定,低,人工复核：判断是否人身险公司经营相关；若确为财险/再保/中介主体则排除
221,nfra,保监发〔2010〕82号,中国保监会关于保险业进一步参与加强社会建设创新社会管理的意见（已废止）, ,[body]…。加强对农村基层干部的保险保障。稳步推进政策性农房保险。继续推动关爱农村留守儿童的有关工作。 二是大力推进健康养老保险发展，稳定人民群众的生活预期。深入贯彻落实新医改政策，积极参与多层次社会保障体系建设。在产品、数据、理赔等方面…,正文明确涉及人身保险/寿险/健康保险/养老险业务，适用主体包含人身险公司,低,人工复核：判断是否人身险公司经营相关；若确为财险/再保/中介主体则排除
222,nfra,保监中介〔2010〕925号,关于进一步规范银保专管员管理制度的通知（已废止）,保险公司|分支机构 ,[meta]…关于进一步规范银保专管员管理制度的通知（已废止） 保监中介〔2010〕925号。各保险公司：。2006年6月，保监会、银监会联合下发《关于规范银行代理保险业务的通知》（保监发〔2006〕70号），文件…,泛化命中'保险公司/保险机构'等，未明确指向人身险公司主体,低,人工复核：判断是否人身险公司经营相关；若确为财险/再保/中介主体则排除
223,nfra,保监厅发〔2010〕35号,关于开展保险业R&D资源清查的通知（已失效）,保险公司|保险资产管理 ,[meta]…关于开展保险业R&D资源清查的通知（已失效） 保监厅发〔2010〕35号。各保险公司、保险资产管理公司：。R&D（即研究与试验发展）活动经费支出及其占GDP的比重是衡量一个国家科技活动规模和科技…,泛化命中'保险公司/保险机构'等，未明确指向人身险公司主体,低,人工复核：判断是否人身险公司经营相关；若确为财险/再保/中介主体则排除
224,nfra,国家工商行政管理总局令2010年第3号,融资性担保公司管理暂行办法（中国银行业监督管理委员会、中华人民共和国国家发展和改革委员会、中华人民共和国工业和信息化部、中华人民共和国财政部、中华人民共和国商务部、中国人民银行、国家工商行政管理总局令2010年第3号）,分支机构 ,[body]…院建立的融资性担保业务监管部际联席会议报告工作。 第二章  设立、变更和终止 第八条  设立融资性担保公司及其分支机构，应当经监管部门审查批准。经批准设立的融资性担保公司及其分支机构，由监管部门颁发经营许可证，并凭该许可证向工商…,"同时存在排除信号(银行业,银行业金融机构)，已据主体规则判定",低,人工复核：判断是否人身险公司经营相关；若确为财险/再保/中介主体则排除
225,nfra,保监发〔2009〕105号,关于债券投资有关事项的通知,保险公司|保险机构|保险资产管理 ,[meta]…关于债券投资有关事项的通知 保监发〔2009〕105号。各保险公司、保险资产管理公司：。为进一步加强债券投资管理，改善资产配置，优化资产结构，分散投资风险，根据《保险机构投资者…,泛化命中'保险公司/保险机构'等，未明确指向人身险公司主体,低,人工复核：判断是否人身险公司经营相关；若确为财险/再保/中介主体则排除
226,nfra,保监发〔2009〕86号,中国保监会 农业部关于进一步加强生猪保险和防疫工作促进生猪生产发展的通知,保险公司 ,[meta]…保监局，各省、自治区、直辖市、计划单列市畜牧兽医（农业、农牧）局（厅、委、办），新疆生产建设兵团农业局，各有关保险公司，中国动物疫病预防控制中心：。     保监发〔2009〕86号 各保监局，各省、自治区、直辖市、计划单列市畜…,泛化命中'保险公司/保险机构'等，未明确指向人身险公司主体,低,人工复核：判断是否人身险公司经营相关；若确为财险/再保/中介主体则排除
227,nfra,保监发〔2009〕34号,关于发布《产险单证》行业标准的通知,保险公司|保险资产管理 ,[meta]…关于发布《产险单证》行业标准的通知 保监发〔2009〕34号。各保监局，保监会机关各部门，各保险公司、保险资产管理公司、保险专业中介机构，国有保险公司监事会，中国保险行业协会、中国保险学会，全国金融标准化技术委…,泛化命中'保险公司/保险机构'等，未明确指向人身险公司主体,低,人工复核：判断是否人身险公司经营相关；若确为财险/再保/中介主体则排除
228,nfra,保监发〔2009〕40号,关于加强资产管理能力建设的通知,保险公司|保险机构|保险资产管理|偿付能力 ,[meta]…关于加强资产管理能力建设的通知 保监发〔2009〕40号。各保险集团（控股）公司、保险公司、保险资产管理公司:。为防范投资运作风险，提高资产管理水平，根据《保险机构投资者股票投资管理暂行办法》、《保险…,泛化命中'保险公司/保险机构'等，未明确指向人身险公司主体,低,人工复核：判断是否人身险公司经营相关；若确为财险/再保/中介主体则排除
229,nfra,保监发〔2008〕121号,关于调整保险业务监管费收费标准及收费办法有关事项的通知, 保险兼业代理,[body]…务，由按保险公司年度自留保费收入的1.9‰降为按保险公司年度自留保费的1.7‰收取。 2、对保险公司经营的长期人寿保险业务，由按保险公司年度自留保费收入的1.1‰降为按保险公司年度自留保费的0.9‰收取；对保险公司经营的长期健康…,"正文明确涉及人身保险/寿险/健康保险/养老险业务，适用主体包含人身险公司；规范保险销售/代理人行为，直接约束人身险公司销售队伍；同时存在排除信号(保险中介机构,保险公估,保险经纪机构)，已据主体规则判定",低,人工复核：判断是否人身险公司经营相关；若确为财险/再保/中介主体则排除
230,nfra,保监发〔2008〕101号,关于印发《中国保监会关于适用〈外国保险机构驻华代表机构管理办法〉若干问题的解释》的通知,保险机构 ,[title]…关于印发《中国保监会关于适用〈外国保险机构驻华代表机构管理办法〉若干问题的解释》的通知 保监发〔2008〕101号。各外国保险机构驻华代表机构：。为正确…,泛化命中'保险公司/保险机构'等，未明确指向人身险公司主体,低,人工复核：判断是否人身险公司经营相关；若确为财险/再保/中介主体则排除
231,nfra,保监发〔2008〕80号,关于进一步改进交强险理赔服务质量的通知,保险公司|分支机构 ,[meta]…理，提高交强险服务质量，保护被保险人和交通事故受害人的合法权益，现就有关问题通知如下：。一、各从事交强险业务的保险公司（以下简称保险公司）必须采取有效措施，进一步简化理赔手续和流程、缩短结案周期、完善抢救费用垫付机制，不断提高交…,泛化命中'保险公司/保险机构'等，未明确指向人身险公司主体,低,人工复核：判断是否人身险公司经营相关；若确为财险/再保/中介主体则排除
232,nfra,国发〔2008〕21号,中国人民银行 银监会 证监会 保监会关于汶川地震灾后重建金融支持和服务措施的意见, ,[body]…类保险，并给予费率优惠。针对受灾群众尤其是孤儿、残疾人、鳏寡老人等弱势群体，开发专门的年金保险、残疾收入保险、养老保险等产品。 （十四）鼓励、引导各类基金和民间资金支持灾后重建。 采取多种优惠措施，鼓励私募基金、风险投资、社会捐…,"正文明确涉及人身保险/寿险/健康保险/养老险业务，适用主体包含人身险公司；同时存在排除信号(保险中介机构,信托公司,商业银行)，已据主体规则判定",低,人工复核：判断是否人身险公司经营相关；若确为财险/再保/中介主体则排除
233,nfra,国发〔2008〕21号,中国人民银行 银监会 证监会 保监会关于汶川地震灾后重建金融支持和服务措施的意见 银发〔2008〕225号, ,[body]…类保险，并给予费率优惠。针对受灾群众尤其是孤儿、残疾人、鳏寡老人等弱势群体，开发专门的年金保险、残疾收入保险、养老保险等产品。 （十四）鼓励、引导各类基金和民间资金支持灾后重建。 采取多种优惠措施，鼓励私募基金、风险投资、社会捐…,"正文明确涉及人身保险/寿险/健康保险/养老险业务，适用主体包含人身险公司；同时存在排除信号(保险中介机构,信托公司,商业银行)，已据主体规则判定",低,人工复核：判断是否人身险公司经营相关；若确为财险/再保/中介主体则排除
234,nfra,保监发〔2008〕61号,关于加强政策性农业保险各项政策措施落实工作的通知,保险公司|保险机构|保险理赔 ,[meta]…份有限公司、中华联合保险控股股份有限公司、上海安信农业保险股份有限公司、安华农业保险股份有限公司、阳光农业相互保险公司、安徽国元农业保险股份有限公司，中国再保险（集团）股份有限公司：。近年来，我国农业保险工作取得了积极进展，呈现…,泛化命中'保险公司/保险机构'等，未明确指向人身险公司主体,低,人工复核：判断是否人身险公司经营相关；若确为财险/再保/中介主体则排除
235,nfra,保监发〔2008〕42号,关于健康保障委托管理业务有关事项的通知, ,[body]…签订委托管理合同，列明双方的权利和义务，明确双方的法律关系。 三、保险公司开展健康保障委托管理业务，应当符合《健康保险管理办法》第八条规定的经营健康保险的各项条件，并在开办地区设有分支机构或营销服务部和相应的医疗服务合作网络。…,正文明确涉及人身保险/寿险/健康保险/养老险业务，适用主体包含人身险公司,低,人工复核：判断是否人身险公司经营相关；若确为财险/再保/中介主体则排除
236,nfra,,中国银监会办公厅关于做好抗震救灾金融服务有关工作的紧急通知,分支机构 ,[body]…维护银行业金融机构正常运行 银行业金融机构要合理调配人力、物力资源，克服一切困难，付出最大努力，做好对受灾地区分支机构的紧急救援工作，支持和帮助受灾地区网点尽量做到保开门、保营业、保供应、保服务，满足灾区居民和企业的日常金融需求…,"同时存在排除信号(金融资产,银行业,银行业金融机构)，已据主体规则判定",低,人工复核：判断是否人身险公司经营相关；若确为财险/再保/中介主体则排除
237,nfra,保监发〔2008〕36号,关于加强保险业应对地震灾害工作的通知（已失效）,保险公司|保险机构|保险理赔 ,[meta]…关于加强保险业应对地震灾害工作的通知（已失效） 保监发〔2008〕36号。各有关保监局、保险公司：。5月12日，我国四川省阿坝藏族羌族自治州汶川县发生7.8级强烈地震，造成巨大损失和人员伤亡。鉴于地震灾害的…,泛化命中'保险公司/保险机构'等，未明确指向人身险公司主体,低,人工复核：判断是否人身险公司经营相关；若确为财险/再保/中介主体则排除
238,nfra,保监发〔2008〕35号,关于做好抗震救灾工作的紧急通知（已失效）,保险公司|保险机构|保险理赔 ,[meta]…关于做好抗震救灾工作的紧急通知（已失效） 保监发〔2008〕35号。各相关保监局、各保险公司：。2008年5月12日下午四川汶川发生7.8级地震，给当地人民群众的生命财产造成了重大损失。为充分发挥保险的…,泛化命中'保险公司/保险机构'等，未明确指向人身险公司主体,低,人工复核：判断是否人身险公司经营相关；若确为财险/再保/中介主体则排除
239,nfra,银监发〔2008〕23号,中国银行业监督管理委员会 中国人民银行 关于小额贷款公司试点的指导意见,分支机构 ,[body]…登记手续并领取营业执照。此外，还应在五个工作日内向当地公安机关、中国银行业监督管理委员会派出机构和中国人民银行分支机构报送相关资料。 小额贷款公司应有符合规定的章程和管理制度，应有必要的营业场所、组织机构、具备相应专业知识和从业…,"同时存在排除信号(银行业,银行业金融机构)，已据主体规则判定",低,人工复核：判断是否人身险公司经营相关；若确为财险/再保/中介主体则排除
240,nfra,,财政部关于印发保险资产管理公司财务报表列报要求的通知,保险资产管理 ,[title]…财政部关于印发保险资产管理公司财务报表列报要求的通知 财办会[2008]3 号。各省、自治区、直辖市、计划单列市财政厅（局），国务院有关…,泛化命中'保险公司/保险机构'等，未明确指向人身险公司主体,低,人工复核：判断是否人身险公司经营相关；若确为财险/再保/中介主体则排除
241,nfra,国发〔2006〕23号,教育部 财政部 中国保险监督管理委员会 关于推行校方责任保险 完善校园伤害事故风险管理机制的通知,保险产品|保险公司|保险机构|保险条款|偿付能力|分支机构 ,[body]…保工作，依据本通知提出的推行校方责任保险制度的基本原则，制订本行政区域实施校方责任保险制度的政策和办法。可根据保险公司提供的保险产品特点、本行政区域的网点覆盖情况、服务能力、保障条件和本地区的财政能力，经济发展状况，通过招标等形…,泛化命中'保险公司/保险机构'等，未明确指向人身险公司主体,低,人工复核：判断是否人身险公司经营相关；若确为财险/再保/中介主体则排除
242,nfra,国发〔2007〕7号,人民银行 银监会 证监会 保监会 关于金融支持服务业加快发展的若干意见, ,[body]…动等方式，加快发展责任保险。支持保险机构投资医疗机构，探索保险机构参与新型农村合作医疗管理的有效方式，加快发展健康保险。完善商业养老保险税收政策，支持保险机构参与企业年金市场，发挥商业保险在完善多层次社会保障体系中的作用，加快发…,"正文明确涉及人身保险/寿险/健康保险/养老险业务，适用主体包含人身险公司；同时存在排除信号(信托公司,商业银行,基金管理公司)，已据主体规则判定",低,人工复核：判断是否人身险公司经营相关；若确为财险/再保/中介主体则排除
243,nfra,,国家环境保护总局 中国保险业监督管理委员会 关于开展环境污染责任保险工作的意见,保险公司|保险机构|保险理赔 ,[body]…险出发，提出投保企业或设施的范围以及损害赔偿标准等；保险监管部门加强行业监督管理，推进环境责任保险市场的规范；保险公司积极开发环境责任险产品，按市场经济法律法规要求履行保险人的责任；投保企业加强环境风险管理，主动如实报告有关信息…,泛化命中'保险公司/保险机构'等，未明确指向人身险公司主体,低,人工复核：判断是否人身险公司经营相关；若确为财险/再保/中介主体则排除
244,nfra,保监发〔2008〕2号,关于加强交强险管理有关工作的通知,保单|保险公司|保险公司分支机构|分支机构 ,[body]…险人和交通事故受害人的合法权益，现就有关问题通知如下： 一、要改进交强险理赔服务方式 （一）各从事交强险业务的保险公司（以下简称保险公司）必须采取有效措施，简化理赔手续和流程、缩短结案周期、完善抢救费用垫付机制，不断提高交强险理…,泛化命中'保险公司/保险机构'等，未明确指向人身险公司主体,低,人工复核：判断是否人身险公司经营相关；若确为财险/再保/中介主体则排除
245,nfra,保监厅发〔2007〕82号,关于加强保险资产管理公司标准化管理工作有关问题的通知（已废止）,保险资产管理 ,[title]…关于加强保险资产管理公司标准化管理工作有关问题的通知（已废止） 保监厅发〔2007〕82号。各保险资产管理公司：。为做好保险资产管…,泛化命中'保险公司/保险机构'等，未明确指向人身险公司主体,低,人工复核：判断是否人身险公司经营相关；若确为财险/再保/中介主体则排除
246,nfra,国发〔2007〕22号,关于进一步贯彻落实国务院促进能繁母猪保险和生猪保险发展有关要求的通知,保险产品|保险公司 ,[meta]…份有限公司、中华联合保险控股股份有限公司、安华农业保险股份有限公司、上海安信农业保险股份有限公司、阳光农业相互保险公司：。国务院《关于促进生猪生产发展稳定市场供应的意见》（国发〔2007〕22号）下发后，各地认真贯彻落实国务院要…,泛化命中'保险公司/保险机构'等，未明确指向人身险公司主体,低,人工复核：判断是否人身险公司经营相关；若确为财险/再保/中介主体则排除
247,nfra,保监发〔2007〕68号,中国保监会 农业部关于做好生猪保险和防疫工作的通知,保险产品|保险公司|保险机构 ,[body]…（一）要充分发挥保险监管部门的组织协调和市场监管职能。各保监局要做好统一协调和服务工作，要积极协调相关部门和保险公司做好宣传推动工作，使广大农户明确生猪保险是政府支持“三农”的重要举措，明确保险责任和收费标准，赢得养殖户的认可…,泛化命中'保险公司/保险机构'等，未明确指向人身险公司主体,低,人工复核：判断是否人身险公司经营相关；若确为财险/再保/中介主体则排除
248,nfra,卫医发〔2007〕204号,关于推动医疗责任保险有关问题的通知,保险公司 ,[body]…化医疗责任保险需求。 要指导保险企业推进服务创新， 加强诚信建设， 增强保险为医疗卫生事业服务的意识。 要引导保险公司加强医疗责任保险业务管理和风险管控， 充分利用专业化风险管理手段防范和化解可能出现的风险。  三、 加强沟通合…,泛化命中'保险公司/保险机构'等，未明确指向人身险公司主体,低,人工复核：判断是否人身险公司经营相关；若确为财险/再保/中介主体则排除
249,nfra,银监办发〔2007〕51号,农村资金互助社示范章程,分支机构 ,[body]…济组织的农民和农村小企业自愿入股组成，为社员提供存款、贷款、结算等业务的社区互助性银行业金融机构） 本社不设立分支机构。 第四条 本社实行社员民主管理，以服务社员为宗旨，谋求社员共同利益。 第五条 本社依据《农村资金互助社管理暂…,"同时存在排除信号(银行业,银行业金融机构)，已据主体规则判定",低,人工复核：判断是否人身险公司经营相关；若确为财险/再保/中介主体则排除
250,nfra,银监发〔2007〕7号,农村资金互助社管理暂行规定,分支机构 ,[body]…理机构颁发金融许可证，并按工商行政管理部门规定办理注册登记，领取营业执照。 第十六条  农村资金互助社不得设立分支机构。 1. 社员和股权管理 第十七条  农村资金互助社社员是指符合本规定要求的入股条件，承认并遵守章程，向农村资…,"同时存在排除信号(银行业,银行业金融机构)，已据主体规则判定",低,人工复核：判断是否人身险公司经营相关；若确为财险/再保/中介主体则排除
251,nfra,,关于开展2006年度电子银行安全评估机构资质认定的公告,分支机构 ,[body]…括：成立历史和经营年限、主要业务领域、员工数量（技术人员数量和学历结构单列）、上级部门（母公司、集团公司等）及分支机构情况、主要安全评估经验、获奖和受罚情况等（均为截至2006年7月31日）； （三）安全评估业务管理框架、管理制…,同时存在排除信号(银行业)，已据主体规则判定,低,人工复核：判断是否人身险公司经营相关；若确为财险/再保/中介主体则排除
252,nfra,保监发〔2006〕69号,关于进一步做好旅游保险工作的意见,保险产品|保险公司|保险理赔|保险销售 ,[body]…现代旅游业发展需要的旅游保险制度，初步形成“政府引导、市场运作”的旅游保险发展机制。到2010年，力争实现旅游保险产品相对完备，旅游保险服务规范到位，“旅保合作”机制相对完善，旅游企业风险管理水平显著增强，游客和旅游经营者投保积…,泛化命中'保险公司/保险机构'等，未明确指向人身险公司主体,低,人工复核：判断是否人身险公司经营相关；若确为财险/再保/中介主体则排除
253,nfra,保监发〔2006〕13号,关于调整保险业务监管费收费标准和收费办法的通知, 保险兼业代理,[body]…按保险公司年度自留保费收入的2‰收取降为按保险公司年度自留保费收入的1.9‰收取。 2、对保险公司经营的长期人寿险业务，由按保险公司年度自留保费收入的1.2‰收取降为按保险公司年度自留保费收入的1.1‰收取；对保险公司经营的…,"正文明确涉及人身保险/寿险/健康保险/养老险业务，适用主体包含人身险公司；规范保险销售/代理人行为，直接约束人身险公司销售队伍；同时存在排除信号(保险中介机构,保险公估,保险经纪机构)，已据主体规则判定",低,人工复核：判断是否人身险公司经营相关；若确为财险/再保/中介主体则排除
254,nfra,,电子银行安全评估指引,分支机构 ,[body]…施电子银行安全评估的外资金融机构，以及需要按照所在地监管部门的要求在境外实施电子银行安全评估的中资金融机构境外分支机构，电子银行安全评估机构的选择应遵循所在国家或地区的法律要求。    所在国家或地区没有相关法律要求的，金融机构…,"同时存在排除信号(银行业,银行业金融机构)，已据主体规则判定",低,人工复核：判断是否人身险公司经营相关；若确为财险/再保/中介主体则排除
255,nfra,保监发〔2006〕4号,关于做好2005年年度报告编报工作的通知（已失效）,保险公司|保险资产管理 ,[meta]…关于做好2005年年度报告编报工作的通知（已失效） 保监发〔2006〕4号。各保险公司、各保险资产管理公司：。为确保保险公司和保险资产管理公司2005年年度报告编报工作的顺利进行，现将有关要求通知…,泛化命中'保险公司/保险机构'等，未明确指向人身险公司主体,低,人工复核：判断是否人身险公司经营相关；若确为财险/再保/中介主体则排除
256,nfra,保监发〔2005〕85号,关于印发《全国金融标准化技术委员会保险分技术委员会章程》和《全国金融标准化技术委员会保险分技术委员会费用收缴及管理办法》的通知（已废止）,保险公司 ,[meta]…和《全国金融标准化技术委员会保险分技术委员会费用收缴及管理办法》的通知（已废止） 保监发〔2005〕85号。各保险公司、保险行业协会：。《全国金融标准化技术委员会保险分技术委员会章程》和《全国金融标准化技术委员会保险分技术委员会…,泛化命中'保险公司/保险机构'等，未明确指向人身险公司主体,低,人工复核：判断是否人身险公司经营相关；若确为财险/再保/中介主体则排除
257,nfra,保监发〔2005〕66号,关于印发《中国保险监督管理委员会新闻宣传管理暂行办法》的通知（已废止）,保险公司|偿付能力 ,[body]…各类会议和重大活动新闻报道 第十三条 保险业突发事件是指与保险业相关的、突然发生的，且严重影响保险业正常运行、保险公司偿付能力和社会安定的自然灾害、意外事故以及其他事件。保险业突发事件需向党中央、国务院领导同志反映的，一般采用内…,泛化命中'保险公司/保险机构'等，未明确指向人身险公司主体,低,人工复核：判断是否人身险公司经营相关；若确为财险/再保/中介主体则排除
258,nfra,保监发〔2005〕29号,关于修订《中国保监会行政许可事项实施规程》有关内容的通知,保险公司 ,[meta]…关于修订《中国保监会行政许可事项实施规程》有关内容的通知 保监发〔2005〕29号。各保监局，各保险公司，机关各部门：。自2004年7月7日《中国保监会行政许可事项实施规程》（以下简称《规程》）公布施行以来，中国保…,泛化命中'保险公司/保险机构'等，未明确指向人身险公司主体,低,人工复核：判断是否人身险公司经营相关；若确为财险/再保/中介主体则排除
259,nfra,,保险公司非寿险业务准备金管理办法（试行）, ,[meta]…偿付能力充足，保护被保险人利益，根据《中华人民共和国保险法》，制定本办法。第二条 本办法所称非寿险业务，是指除人寿保险业务以外的保险业务，包括财产损失保险、责任保险、信用保险、短期健康保险和意外伤害保险业务以及上述业务的再保险业…,"正文明确涉及人身保险/寿险/健康保险/养老险业务，适用主体包含人身险公司；同时存在排除信号(再保险公司,财产保险公司)，已据主体规则判定",低,人工复核：判断是否人身险公司经营相关；若确为财险/再保/中介主体则排除
260,nfra,,保险公司次级定期债务管理暂行办法（已失效）,保单|保险公司|保险资产管理|偿付能力 ,[title]…保险公司次级定期债务管理暂行办法（已失效） 保监会令（2004）10号 2004年9月29日。第一章总则。第一条 为了…,泛化命中'保险公司/保险机构'等，未明确指向人身险公司主体,低,人工复核：判断是否人身险公司经营相关；若确为财险/再保/中介主体则排除
261,nfra,保监发〔2004〕151号,关于印发《保险政务信息工作管理办法》的通知,保险公司 ,[meta]…关于印发《保险政务信息工作管理办法》的通知 保监发〔2004〕151号。各保险公司、各保监局、保监会机关各部门、中国保险行业协会、中国保险学会：。为进一步健全保险行业信息网络、拓宽信息覆盖面、…,泛化命中'保险公司/保险机构'等，未明确指向人身险公司主体,低,人工复核：判断是否人身险公司经营相关；若确为财险/再保/中介主体则排除
262,nfra,保监办函〔2003〕102号,关于统括保单承保问题的复函,保单|保险公司 ,[title]…关于统括保单承保问题的复函 保监办函〔2003〕102号。三井住友海上保险公司上海分公司：。你公司《三井住友海上保险公司上…,泛化命中'保险公司/保险机构'等，未明确指向人身险公司主体,低,人工复核：判断是否人身险公司经营相关；若确为财险/再保/中介主体则排除
263,nfra,保监办函〔2003〕93号,关于执行第二批取消行政审批项目决定中若干问题的函（已废止）,保险公司|保险公司分支机构|分支机构 ,[meta]…第二批行政审批项目取消有关事项的请示》（保监浙发[2003]第70号）收悉。现就所请示问题答复如下：。一、关于保险公司分支机构变更机构名称。目前我会正在进行《保险公司管理规定》的修改工作，在新的《保险公司管理规定》颁布之前，保险公司分支…,泛化命中'保险公司/保险机构'等，未明确指向人身险公司主体,低,人工复核：判断是否人身险公司经营相关；若确为财险/再保/中介主体则排除
264,nfra,保监发〔1999〕9号,关于印发《中国保险监督管理委员会对外公告管理暂行办法》的通知（已废止）,保险公司|保险机构|分支机构 ,[meta]…关于印发《中国保险监督管理委员会对外公告管理暂行办法》的通知（已废止） 保监发[1999]9号。各保险公司，机关各部门：。现将《中国保险监督管理委员会对外公告管理暂行办法》印发给你们，请认真遵照执行。特此通知。一九九…,泛化命中'保险公司/保险机构'等，未明确指向人身险公司主体,低,人工复核：判断是否人身险公司经营相关；若确为财险/再保/中介主体则排除
265,nfra,保监发〔2003〕133号,关于增加认可企业债券信用评级机构的通知（已废止）,保险公司|保险资产管理 ,[meta]…关于增加认可企业债券信用评级机构的通知（已废止） 保监发〔2003〕133号。各保险公司、保险资产管理公司：。根据《保险公司投资企业债券管理暂行办法》（保监发[2003]74号）第二条的有关规定，经…,泛化命中'保险公司/保险机构'等，未明确指向人身险公司主体,低,人工复核：判断是否人身险公司经营相关；若确为财险/再保/中介主体则排除
266,nfra,保监发〔2003〕92号,关于增加认可企业债券信用评级公司的通知（已废止）,保险公司 ,[meta]…关于增加认可企业债券信用评级公司的通知（已废止） 保监发〔2003〕92号。各保险公司：。根据《保险公司投资企业债券管理暂行办法》（保监发[2003]74号）第二条的有关规定，经研究决定，增加联合…,泛化命中'保险公司/保险机构'等，未明确指向人身险公司主体,低,人工复核：判断是否人身险公司经营相关；若确为财险/再保/中介主体则排除
267,nfra,保监办发〔2003〕72号,关于调整证券投资基金月报表的通知（已废止）,万能保险|保险公司 ,[meta]…关于调整证券投资基金月报表的通知（已废止） 保监办发〔2003〕72号。各保险公司：。为全面了解你公司投资证券投资基金（以下简称“基金”）的情况，根据《保险公司投资证券投资基金管理暂行办法》（…,泛化命中'保险公司/保险机构'等，未明确指向人身险公司主体,低,人工复核：判断是否人身险公司经营相关；若确为财险/再保/中介主体则排除
268,nfra,保监函〔2001〕176号,关于界定货物运输险有关问题的复函,保单|保险公司 ,[meta]…办《关于如何界定货物运输保险实行包干赔付有关问题的请示》（保监贵发[2001]85号）收悉。经研究，我会认为，保险公司不论是否出险，均承诺向投保单位支付包干赔款的行为，违反了保险法律、法规的有关规定。     保监函〔2001〕…,泛化命中'保险公司/保险机构'等，未明确指向人身险公司主体,低,人工复核：判断是否人身险公司经营相关；若确为财险/再保/中介主体则排除
269,nfra,保监发〔2001〕120号,关于财产保险条款费率备案管理的通知（已废止）,保单|保险产品|保险公司|保险条款|分支机构 ,[title]…关于财产保险条款费率备案管理的通知（已废止） 保监发〔2001〕120号。     保监发〔2001〕120号 各保监办，中国…,泛化命中'保险公司/保险机构'等，未明确指向人身险公司主体,低,人工复核：判断是否人身险公司经营相关；若确为财险/再保/中介主体则排除
270,nfra,保监发〔2001〕16号,关于交通事故强制定损问题的批复,保险公司|保险理赔 ,[meta]…关于交通事故强制定损问题的批复 保监复[2001]88号。成都保监办：。你办《关于保险公司依法不承担价格认证中心对交通事故的定损费用及定损结论不作为保险理赔依据的请示》（成保监发[2001]16号）收…,泛化命中'保险公司/保险机构'等，未明确指向人身险公司主体,低,人工复核：判断是否人身险公司经营相关；若确为财险/再保/中介主体则排除
271,nfra,保监发〔2001〕60号,关于2001年度智能保险证试点工作有关问题的通知,保险公司 ,[meta]…关于2001年度智能保险证试点工作有关问题的通知 保监发[2001]60号。上海、南京、福州保监办，中国人民保险公司及上海市、江苏省、厦门市分公司，中国太平洋保险公司及上海、南京、厦门分公司，中国平安保险股份有限公司及上海、南…,泛化命中'保险公司/保险机构'等，未明确指向人身险公司主体,低,人工复核：判断是否人身险公司经营相关；若确为财险/再保/中介主体则排除
272,nfra,保监发〔2001〕8号,关于继续做好深圳市智能保险证试点工作有关问题的通知（已废止）,保险公司 ,[meta]…好深圳市智能保险证试点工作有关问题的通知（已废止） 保监发[2001]8号。华安财产保险股份有限公司，中国人民保险公司深圳市分公司、中国太平洋保险公司深圳分公司、中国平安保险股份有限公司深圳分公司、华泰财产保险股份有限公司深圳分…,泛化命中'保险公司/保险机构'等，未明确指向人身险公司主体,低,人工复核：判断是否人身险公司经营相关；若确为财险/再保/中介主体则排除
273,nfra,保监复〔2000〕263号,关于《财产保险条款费率管理暂行办法》有关问题的批复,保单|保险公司|保险条款 ,[title]…关于《财产保险条款费率管理暂行办法》有关问题的批复 保监复[2000]263号。东京海上火灾保险公司上海分公司：。你公司《关于“…,泛化命中'保险公司/保险机构'等，未明确指向人身险公司主体,低,人工复核：判断是否人身险公司经营相关；若确为财险/再保/中介主体则排除
274,nfra,,关于深圳市智能保险证信息统计问题的通知（已废止）,保险公司 ,[meta]…关于深圳市智能保险证信息统计问题的通知（已废止） 中国人民保险公司、中国太平洋保险公司、中国平安保险股份有限公司、华泰财产保险股份有限公司、华安财产保险股份有限公司，中国人民保…,泛化命中'保险公司/保险机构'等，未明确指向人身险公司主体,低,人工复核：判断是否人身险公司经营相关；若确为财险/再保/中介主体则排除
275,nfra,保监复〔1999〕215号,关于员工抵押贷款的批复,保险公司 ,[meta]…关于员工抵押贷款的批复 保监复[1999]215号。美国友邦保险公司广州分公司、美亚保险公司广州分公司：。你们《关于员工抵押贷款的请示报告》收悉。经研究，批复如下：。《中华人民共…,泛化命中'保险公司/保险机构'等，未明确指向人身险公司主体,低,人工复核：判断是否人身险公司经营相关；若确为财险/再保/中介主体则排除
276,nfra,保监产〔2000〕45号,关于做好财产保险条款费率管理工作的通知（已废止）,保险公司|保险条款 ,[title]…关于做好财产保险条款费率管理工作的通知（已废止） 保监产[2000]45号。     保监产[2000]45 号 各保监办、 保监…,泛化命中'保险公司/保险机构'等，未明确指向人身险公司主体,低,人工复核：判断是否人身险公司经营相关；若确为财险/再保/中介主体则排除
277,nfra,保监统信〔2005〕1074号,关于加强年报和年度报统计信息管理的通知（已失效）,保险公司|分支机构 ,[meta]…关于加强年报和年度报统计信息管理的通知（已失效） 保监统信〔2005〕1074号。各保监局、各保险公司：。为全面、真实、准确地反映全年度保险业的发展情况和经营成果，确保年报、年度报数据真实准确，现就年报、年度报统…,泛化命中'保险公司/保险机构'等，未明确指向人身险公司主体,低,人工复核：判断是否人身险公司经营相关；若确为财险/再保/中介主体则排除
278,nfra,,货币经纪公司试点管理办法实施细则,分支机构 ,[body]…包括出资人名称、注册地址、法定代表人、营业执照复印件、出资人及所在集团的组织结构图、出资人主要股东名册、出资人分支机构与主要关联企业名册、经营情况等事项。 第六条             获得筹建许可的申请人申请延长筹建期限的，…,同时存在排除信号(银行业)，已据主体规则判定,低,人工复核：判断是否人身险公司经营相关；若确为财险/再保/中介主体则排除
279,nfra,保监厅发〔2005〕85号,关于印发机关财务管理有关规定的通知, 保险代理人,[body]…贴、奖金等； （二）社会保险缴费指为职工缴纳的养老、医疗、失业、工伤等保险费； （三）离退休费指未参加职工基本养老保险的离退休人员的费用； （四）医疗费指未参加基本医疗保险的在职职工、离退休人员的医药、治疗、住院等费用，以及参保…,"正文明确涉及人身保险/寿险/健康保险/养老险业务，适用主体包含人身险公司；规范保险销售/代理人行为，直接约束人身险公司销售队伍；同时存在排除信号(保险公估,保险经纪)，已据主体规则判定",低,人工复核：判断是否人身险公司经营相关；若确为财险/再保/中介主体则排除
280,nfra,保监发〔2005〕36号,关于成立中国保险监督管理委员会厦门监管局的通知,保险公司 ,[meta]…关于成立中国保险监督管理委员会厦门监管局的通知 保监发〔2005〕36号。各保险公司，各保监局：。根据中央机构编制委员会办公室《关于中国保险监督管理委员会派出机构设置和人员编制的批复》（中央编办…,泛化命中'保险公司/保险机构'等，未明确指向人身险公司主体,低,人工复核：判断是否人身险公司经营相关；若确为财险/再保/中介主体则排除
281,nfra,保监厅发〔2005〕49号,关于加强外国保险机构驻华代表机构管理问题的通知,保险机构 ,[title]…关于加强外国保险机构驻华代表机构管理问题的通知 保监厅发〔2005〕49号。各保监局：。为维护我国保险市场秩序，促进保险业健康发展…,泛化命中'保险公司/保险机构'等，未明确指向人身险公司主体,低,人工复核：判断是否人身险公司经营相关；若确为财险/再保/中介主体则排除
282,nfra,保监法规〔2005〕274号,关于在营销服务部基础上设立支公司等分支机构有关问题的批复,保险公司|保险机构|分支机构 ,[title]…关于在营销服务部基础上设立支公司等分支机构有关问题的批复 保监法规〔2005〕274号。新疆保监局：。你公司《关于在营销服务部基础上设立支公司等保险机构…,泛化命中'保险公司/保险机构'等，未明确指向人身险公司主体,低,人工复核：判断是否人身险公司经营相关；若确为财险/再保/中介主体则排除
283,nfra,保监发〔2005〕30号,关于进一步做好汽车消费贷款保证保险风险防范与化解工作的通知（已废止）,保险公司 ,[meta]…于进一步做好汽车消费贷款保证保险风险防范与化解工作的通知（已废止） 保监发〔2005〕30号。各保监局、各中资保险公司：。汽车消费贷款保证保险业务开办以来，对推动我国汽车消费信贷和汽车消费市场的快速发展发挥了积极的作用，但在经营…,泛化命中'保险公司/保险机构'等，未明确指向人身险公司主体,低,人工复核：判断是否人身险公司经营相关；若确为财险/再保/中介主体则排除
284,nfra,,中国银行业监督管理委员会关于在华外资银行从事保险公司股票资产托管业务市场准入程序的公告,保险公司 ,[title]…中国银行业监督管理委员会关于在华外资银行从事保险公司股票资产托管业务市场准入程序的公告 摘要     中国银行业监督管理委员会关于在华外资银行从事保险公司 股票资…,同时存在排除信号(银行业)，已据主体规则判定,低,人工复核：判断是否人身险公司经营相关；若确为财险/再保/中介主体则排除
285,nfra,,银行业协会工作指引,分支机构 ,[body]…国银行业协会和各地方银行业协会均是独立社团法人。地方银行业协会可申请加入中国银行业协会，但不是中国银行业协会的分支机构或代表机构。 第八条  中国银行业协会与各地方银行业协会应加强沟通与合作。 中国银行业协会对作为其会员的地方银…,"同时存在排除信号(银行业,银行业金融机构)，已据主体规则判定",低,人工复核：判断是否人身险公司经营相关；若确为财险/再保/中介主体则排除
286,nfra,保监厅函〔2004〕210号,关于对落实北京市道路交通安全实施办法有关问题的复函,保险公司 ,[body]…、 赔偿及基金建立的办法都作了详细规定， 不久即可正式实施。  为支持地方政府的工作， 当前保监局可以积极协调保险公司， 加快保险责任限额内的赔付速度， 配合政府部门落实好道路交通安全实施办法的有关规定。  以上意见， 供参考。…,泛化命中'保险公司/保险机构'等，未明确指向人身险公司主体,低,人工复核：判断是否人身险公司经营相关；若确为财险/再保/中介主体则排除
287,nfra,保监厅函〔2004〕208号,关于保险公司垫付肇事逃逸车辆对第三者经济损害赔偿责任有关问题的复函,保险公司 ,[title]…关于保险公司垫付肇事逃逸车辆对第三者经济损害赔偿责任有关问题的复函 保监厅函〔2004〕208号。北京保监局：。你局《关于…,泛化命中'保险公司/保险机构'等，未明确指向人身险公司主体,低,人工复核：判断是否人身险公司经营相关；若确为财险/再保/中介主体则排除
288,nfra,,中国银行业监督管理委员会、中国证券监督管理委员会、中国保险监督管理委员会在金融监管方面分工合作的备忘录, ,[body]…制订保险从业人员的基本资格标准。  （四）审批关系社会公众利益的保险险种、 依法实行强制保险的险种和新开发的人寿保险险种等的保险条款和保险费率， 对其他保险险种的保险条款和保险费率实施备案管理。  （五）依法监管保险公司的偿付…,"正文明确涉及人身保险/寿险/健康保险/养老险业务，适用主体包含人身险公司；同时存在排除信号(保险中介机构,保险公估,保险经纪公司)，已据主体规则判定",低,人工复核：判断是否人身险公司经营相关；若确为财险/再保/中介主体则排除
289,nfra,保监厅函〔2004〕75号,关于妥善解决储金业务清退后遗留问题的函,分支机构 ,[body]…护社会稳定。  二、 对系统内储金业务清理后的遗留问题进行彻底清查， 一并加以妥善解决。  三、 进一步加强对分支机构法制观念和风险意识的教育， 不断强化内部管控， 确保分支机构稳定、 健康、 规范发展。  请你公司于 2004…,泛化命中'保险公司/保险机构'等，未明确指向人身险公司主体,低,人工复核：判断是否人身险公司经营相关；若确为财险/再保/中介主体则排除
290,nfra,,外资银行并表监管管理办法,分支机构 ,[body]…二条  中国银行业监督管理委员会（以下简称银监会）负责指导外资银行并表监管工作。 第三条  银监会对设立营业性分支机构或附属机构的独资、合资银行，以及在华设立两家以上（含两家）营业性分支机构的外国银行实行并表监管。 通过并表方式…,同时存在排除信号(银行业)，已据主体规则判定,低,人工复核：判断是否人身险公司经营相关；若确为财险/再保/中介主体则排除
291,nfra,保监发〔2000〕49号,关于重新印发《向保险公司投资入股暂行规定》的通知（已废止）,保险公司 ,[title]…关于重新印发《向保险公司投资入股暂行规定》的通知（已废止） 保监发[2000]49号。各中资保险公司：。中国保险监督管理委员会对原发布…,泛化命中'保险公司/保险机构'等，未明确指向人身险公司主体,低,人工复核：判断是否人身险公司经营相关；若确为财险/再保/中介主体则排除
292,pbc,中华人民共和国国务院令第631号,征信业管理条例(国务院令 第631号),分支机构 ,"[body]…3年无重大违法违规记录,并取得国务院征信业监督管理部门核准的任职资格。 第九条 经营个人征信业务的征信机构设立分支机构、合并或者分立、变更注册资本、变更出资额占公司资本总额5%以上或者持股占公司股份5%以上的股东的，应当经国务院…",泛化命中'保险公司/保险机构'等，未明确指向人身险公司主体,低,人工复核：判断是否人身险公司经营相关；若确为财险/再保/中介主体则排除
293,pbc,中华人民共和国国务院令第532号,中华人民共和国外汇管理条例,分支机构 ,[body]…第一条 为了加强外汇管理，促进国际收支平衡，促进国民经济健康发展，制定本条例。 第二条 国务院外汇管理部门及其分支机构(以下统称外汇管理机关)依法履行外汇管理职责，负责本条例的实施。 第三条 本条例所称外汇，是指下列以外币表示的…,同时存在排除信号(银行业金融机构)，已据主体规则判定,低,人工复核：判断是否人身险公司经营相关；若确为财险/再保/中介主体则排除
294,pbc,中国人民银行令〔2026〕第3号,中国人民银行令〔2026〕第3号（中国人民银行行政复议办法）,分支机构 ,[meta]…行长 潘功胜 2026年1月22日 中国人民银行行政复议办法 第一章 总 则 第一条 为了规范中国人民银行及其分支机构行政复议工作，保护公民、法人和其他组织的合法权益，监督和保障依法行使职权，发挥行政复议化解行政争议的主渠道作用…,泛化命中'保险公司/保险机构'等，未明确指向人身险公司主体,低,人工复核：判断是否人身险公司经营相关；若确为财险/再保/中介主体则排除
295,pbc,中国人民银行令〔2026〕第2号,中国人民银行令〔2026〕第2号（中国人民银行残缺污损人民币兑换办法）,分支机构 ,[body]…内，办理人民币现金存取业务的银行业金融机构（以下简称金融机构）为公众办理残缺、污损人民币兑换业务，中国人民银行分支机构鉴定残缺、污损人民币兑换结果，适用本办法。 第三条 本办法所称残缺、污损人民币，是指票面撕裂、损缺，或外观、质…,同时存在排除信号(银行业金融机构)，已据主体规则判定,低,人工复核：判断是否人身险公司经营相关；若确为财险/再保/中介主体则排除
296,pbc,市场监管总局令〔2026〕第1号,中国人民银行 外交部 公安部 国家安全部 司法部 财政部 住房城乡建设部 市场监管总局令〔2026〕第1号（反洗钱特别预防措施管理办法）,保单|分支机构 ,[body]…后，应当将采取的措施、被限制转移的资金或者资产、客户试图进行的交易等信息按照规定及时书面报告中国人民银行或者其分支机构。 对本办法第二条第一项规定的名单所列对象采取反洗钱特别预防措施的，还应当按照规定及时向国务院公安部门、国家安…,泛化命中'保险公司/保险机构'等，未明确指向人身险公司主体,低,人工复核：判断是否人身险公司经营相关；若确为财险/再保/中介主体则排除
297,pbc,国发〔2015〕22号,中国人民银行 国家金融监督管理总局令〔2025〕第2号（银行卡清算机构管理办法）,分支机构 ,[body]…采取责令限期改正、停止职权或免除职务等措施，并按规定向中国人民银行报告。 第二十一条 银行卡清算机构在境内设立分支机构，应当符合以下条件： （一）符合银行卡清算机构发展规划; （二）具备持续经营能力; （三）具备良好的公司治理、…,"同时存在排除信号(银行业,银行业金融机构)，已据主体规则判定",低,人工复核：判断是否人身险公司经营相关；若确为财险/再保/中介主体则排除
298,pbc,中国人民银行令〔2024〕第6号,中国人民银行令〔2024〕第6号(中国人民银行行政处罚裁量基准适用规定),分支机构 ,[meta]…2024年11月25日 中国人民银行行政处罚裁量基准适用规定 第一章 总 则 第一条 为规范中国人民银行及其分支机构的行政处罚行为，保护当事人合法权益，根据《中华人民共和国行政处罚法》《中华人民共和国中国人民银行 中国人民银行…,泛化命中'保险公司/保险机构'等，未明确指向人身险公司主体,低,人工复核：判断是否人身险公司经营相关；若确为财险/再保/中介主体则排除
299,pbc,中国人民银行令〔2024〕第4号,中国人民银行令〔2024〕第4号（非银行支付机构监督管理条例实施细则）,分支机构 ,[body]…资金出资等不正当手段办理行政许可事项，严禁倒卖、出租、出借支付业务许可证。 第三条 《条例》所称中国人民银行的分支机构是指中国人民银行各省、自治区、直辖市以及计划单列市分行。中国人民银行的分支机构根据中国人民银行的授权和分工，依…,泛化命中'保险公司/保险机构'等，未明确指向人身险公司主体,低,人工复核：判断是否人身险公司经营相关；若确为财险/再保/中介主体则排除
300,pbc,国家市场监督管理总局令〔2024〕第3号,中国人民银行 国家市场监督管理总局令〔2024〕第3号（受益所有人信息管理办法）,分支机构 ,[body]…体）应当根据本办法规定通过相关登记注册系统备案受益所有人信息： （一）公司； （二）合伙企业； （三）外国公司分支机构； （四）中国人民银行、国家市场监督管理总局规定的其他主体。 个体工商户无需备案受益所有人信息。 第三条 注册…,泛化命中'保险公司/保险机构'等，未明确指向人身险公司主体,低,人工复核：判断是否人身险公司经营相关；若确为财险/再保/中介主体则排除
301,pbc,国发〔2015〕22号,中国人民银行 中国银行业监督管理委员会令〔2016〕第2号（银行卡清算机构管理办法）,分支机构 ,[body]…与终止 第二十五条 银行卡清算机构有下列变更事项之一的，应当按规定向中国人民银行提交变更申请材料： （一）设立分支机构。 （二）分立或者合并。 （三）变更公司名称或者公司章程。 （四）变更注册资本。 （五）变更主要出资人或其他单…,"同时存在排除信号(银行业,银行业金融机构)，已据主体规则判定",低,人工复核：判断是否人身险公司经营相关；若确为财险/再保/中介主体则排除
302,pbc,中国人民银行令〔2013〕第1号,中国人民银行令〔2013〕第1号（征信机构管理办法）,分支机构 ,[body]…构，是指依法设立、主要经营征信业务的机构。 第三条 中国人民银行依法履行对征信机构的监督管理职责。中国人民银行分支机构在总行的授权范围内，履行对辖区内征信机构的监督管理职责。 第四条 征信机构应当遵守法律、行政法规和中国人民银行…,泛化命中'保险公司/保险机构'等，未明确指向人身险公司主体,低,人工复核：判断是否人身险公司经营相关；若确为财险/再保/中介主体则排除
303,pbc,中国人民银行令〔2010〕第1号,中国人民银行令〔2010〕第1号（中国人民银行执法检查程序规定）,分支机构 ,[meta]…中国人民银行令〔2010〕第1号（中国人民银行执法检查程序规定） 为促进中国人民银行及其分支机构依法履行职责，规范执法检查行为，保护金融机构以及其他单位和个人的合法权益，根据《中华人民共和国中国人民银行法》…,泛化命中'保险公司/保险机构'等，未明确指向人身险公司主体,低,人工复核：判断是否人身险公司经营相关；若确为财险/再保/中介主体则排除
304,pbc,,中国人民银行突发事件应急预案管理办法,分支机构 ,[body]…正常工作而针对自然灾害、事故灾难、突发公共卫生事件和突发重大刑事案件、群体性事件而制定的内部规章制度。 （五）分支机构预案，各分支行、企事业单位根据自身应急处置机制建设的需要，制定的与上级单位应急预案相衔接的上级单位预案的分预案…,泛化命中'保险公司/保险机构'等，未明确指向人身险公司主体,低,人工复核：判断是否人身险公司经营相关；若确为财险/再保/中介主体则排除
305,pbc,中国人民银行令〔2004〕第3号,中国人民银行令〔2004〕第3号（中国人民银行行政许可法实施办法）,分支机构 ,[meta]…：周小川 二○○四年九月十三日 中国人民银行行政许可实施办法 第一章 总 则 第一条 为了规范中国人民银行及其分支机构实施行政许可的行为，保护公民、法人和其他组织的合法权益 中国人民银行    根据《中华人民共和国行政许可法》、…,泛化命中'保险公司/保险机构'等，未明确指向人身险公司主体,低,人工复核：判断是否人身险公司经营相关；若确为财险/再保/中介主体则排除
306,pbc,中国人民银行令〔2004〕第1号,全国银行间债券市场债券买断式回购业务管理规定,分支机构 ,[body]…第十八条 同业中心和中央结算公司应依据本规定制定相应的买断式回购的交易、结算规则。 第十九条 中国人民银行各分支机构对辖区内市场参与者的买断式回购进行日常监督。 第二十条 进行买断式回购除应遵守本规定外，还应遵守全国银行间债券…,泛化命中'保险公司/保险机构'等，未明确指向人身险公司主体,低,人工复核：判断是否人身险公司经营相关；若确为财险/再保/中介主体则排除
307,pbc,,中国人民银行残缺污损人民币兑换办法,分支机构 ,[body]…议的， 经持有人要求， 金融机构应出具认定证明并退回该残缺、 污损人民币。  持有人可凭认定证明到中国人民银行分支机构申请鉴定， 中国人民银行应自申请日起 5 个工作日内做出鉴定并出具鉴定书。 持有人可持中国人民银行的鉴定书及可…,泛化命中'保险公司/保险机构'等，未明确指向人身险公司主体,低,人工复核：判断是否人身险公司经营相关；若确为财险/再保/中介主体则排除
308,pbc,,金融机构大额和可疑外汇资金交易报告管理办法,保险机构|分支机构 ,[body]…银行划出与交易、清算无关外汇资金的；（十九）经营B股业务的证券经营机构通过银行频繁大量拆借外汇资金的；（二十）保险机构通过银行频繁大量对同一家境外投保人发生赔付或退保行为。第十一条金融机构对本办法第八条、第九条和第十条所规定情形…,泛化命中'保险公司/保险机构'等，未明确指向人身险公司主体,低,人工复核：判断是否人身险公司经营相关；若确为财险/再保/中介主体则排除
309,pbc,,中国人民银行 市场监管总局公告〔2026〕第19号,分支机构 ,[body]…十三条等规定给予处罚。非法买卖人民币涉嫌欺诈、诈骗的，依情节轻重由相关部门依法追究法律责任。 六、中国人民银行分支机构会同当地市场监督管理部门按《国务院办公厅关于禁止非法买卖人民币的通知》和本公告要求，对当地买卖人民币活动进行清…,同时存在排除信号(银行业金融机构)，已据主体规则判定,低,人工复核：判断是否人身险公司经营相关；若确为财险/再保/中介主体则排除
310,pbc,,中国人民银行 国家金融监督管理总局公告〔2026〕第5号,保险公司 ,[meta]…厅关于投保人与被保险人、受益人关系确认有关事项的通知》（银办发〔2016〕270号）自本公告发布之日起废止。 保险公司客户尽职调查相关事项按照《金融机构客户尽职调查和客户身份资料及交易记录保存管理办法》（中国人民银行 国家金融监…,泛化命中'保险公司/保险机构'等，未明确指向人身险公司主体,低,人工复核：判断是否人身险公司经营相关；若确为财险/再保/中介主体则排除
311,pbc,银发〔2025〕250号,中国人民银行关于印发《非银行支付机构分类评级管理办法》的通知（银发〔2025〕250号）,分支机构 ,[body]…026年2月1日起，支付机构分类评级工作按照修订后的《非银行支付机构分类评级管理办法》执行。 二、中国人民银行分支机构应当结合分类评级情况，综合评价支付机构公司治理、业务规范、备付金管理、用户权益保护、系统安全、反洗钱措施、经营…,泛化命中'保险公司/保险机构'等，未明确指向人身险公司主体,低,人工复核：判断是否人身险公司经营相关；若确为财险/再保/中介主体则排除
312,pbc,银发〔2025〕205号,中国人民银行关于落实《金融机构反洗钱和反恐怖融资监督管理办法》有关事项的通知（银发〔2025〕205号）,分支机构 ,[body]…2025〕第10号修订，以下简称《办法》），现将有关事项通知如下： 一、反洗钱监管分工 （一）中国人民银行及其分支机构负责对《办法》规定的履行金融机构反洗钱义务的机构（以下统称金融机构）进行反洗钱监管。 （二）部分全国性法人金融…,泛化命中'保险公司/保险机构'等，未明确指向人身险公司主体,低,人工复核：判断是否人身险公司经营相关；若确为财险/再保/中介主体则排除
313,pbc,银发〔2025〕124号,中国人民银行关于印发《贵金属和宝石从业机构反洗钱和反恐怖融资管理办法》的通知（银发〔2025〕124号）,分支机构 ,[body]…反洗钱义务。 中国人民银行根据从业机构洗钱风险的变化，可以调整本条第二款规定的金额。 第三条 中国人民银行及其分支机构依法对从业机构实施反洗钱监督管理和反洗钱调查，指导贵金属和宝石行业反洗钱自律管理。 第四条 实施反洗钱监督管理…,泛化命中'保险公司/保险机构'等，未明确指向人身险公司主体,低,人工复核：判断是否人身险公司经营相关；若确为财险/再保/中介主体则排除
314,pbc,银发〔2017〕261号,中国人民银行 民政部关于印发《社会组织反恐怖融资管理办法》的通知（银发〔2025〕57号）,分支机构 ,[body]…内部治理对恐怖融资风险的缓释作用，避免相关措施影响社会组织合法活动。 第五条 民政部门应当会同中国人民银行及其分支机构、社会组织业务主管单位开展反恐怖融资宣传培训，引导社会组织提高反恐怖融资意识。 中国人民银行及其分支机构应当推…,泛化命中'保险公司/保险机构'等，未明确指向人身险公司主体,低,人工复核：判断是否人身险公司经营相关；若确为财险/再保/中介主体则排除
315,pbc,银发〔2018〕102号,中国人民银行公告〔2024〕第21号（修改《中国人民银行关于进一步加强征信信息安全管理的通知》）,分支机构 ,[body]…安全年度考核评级管理办法》。  三、 将第七条修改为： “六、 建立征信信息安全监管走访机制 中国人民银行及其分支机构围绕上述政策措施的贯彻落实情况， 针对接入机构逐级建立征信信息安全监管走访机制。 ” 同时， 删除附件 4《征…,泛化命中'保险公司/保险机构'等，未明确指向人身险公司主体,低,人工复核：判断是否人身险公司经营相关；若确为财险/再保/中介主体则排除
316,pbc,银发〔2017〕126号,中国人民银行 国家外汇管理局公告〔2024〕第7号,分支机构 ,[body]…1家托管人的，默认该托管人为主报告人），负责为其办理业务登记等事项。 第四条 中国人民银行、国家外汇管理局及其分支机构依法对合格投资者的资金账户、资金收付及汇兑等实施监督、管理和检查。 第二章 登记管理 第五条 国家外汇管理局对…,同时存在排除信号(金融资产)，已据主体规则判定,低,人工复核：判断是否人身险公司经营相关；若确为财险/再保/中介主体则排除
317,pbc,银发〔2017〕126号,中国人民银行 国家外汇管理局关于境外机构境内发行债券资金管理有关事宜的通知(银发〔2022〕272号),分支机构 ,[body]…案等，在境内银行间债券市场、交易所债券市场等公开或非公开发行债券的行为。 二、中国人民银行、国家外汇管理局及其分支机构依法对境外机构境内发行债券涉及的账户、资金收付及汇兑等实施监督管理。 三、国家外汇管理局对境外机构境内发行债券…,"同时存在排除信号(金融资产,银行业,银行业金融机构)，已据主体规则判定",低,人工复核：判断是否人身险公司经营相关；若确为财险/再保/中介主体则排除
318,pbc,银发〔2022〕27号,中国人民银行 国家外汇管理局关于银行业金融机构境外贷款业务有关事宜的通知（银发〔2022〕27号）,分支机构 ,[body]…务的，应充分了解国际化经营规则和风险管理，建立完善的业务操作规程和内控制度，报中国人民银行、国家外汇管理局或其分支机构备案后实施。提交的备案材料包括但不限于贷款流程管理、专业人员配备、风险控制制度等；与境外银行合作开展境外贷款业…,"同时存在排除信号(银行业,银行业金融机构)，已据主体规则判定",低,人工复核：判断是否人身险公司经营相关；若确为财险/再保/中介主体则排除
319,pbc,银发〔2020〕330号,中国人民银行 国家发展和改革委员会 商务部 国务院国有资产监督管理委员会 中国银行保险监督管理委员会 国家外汇管理局关于进一步优化跨境人民币政策 支持稳外贸稳外资的通知,分支机构 ,[body]…案，明确优质企业的认定标准和动态调整机制等风险防控措施，并将具体实施方案向所在地人民银行副省级城市中心支行以上分支机构报备后实施。 （二）支持贸易新业态跨境人民币结算。境内银行在满足交易信息采集、真实性审核的条件下，可按相关规定…,同时存在排除信号(银行业)，已据主体规则判定,低,人工复核：判断是否人身险公司经营相关；若确为财险/再保/中介主体则排除
320,supp,证监会令2022年第1号,人力资源社会保障部 财政部 国家税务总局 银保监会 证监会关于印发《个人养老金实施办法》的通知, ,[body]…，规范个人养老金运作流程，制定本实施办法。 第二条 个人养老金是指政府政策支持、个人自愿参加、市场化运营、实现养老保险补充功能的制度。个人养老金实行个人账户制，缴费完全由参加人个人承担，自主选择购买符合规定的储蓄存款、理财产品、…,正文明确涉及人身保险/寿险/健康保险/养老险业务，适用主体包含人身险公司；同时存在排除信号(商业银行)，已据主体规则判定,低,人工复核：判断是否人身险公司经营相关；若确为财险/再保/中介主体则排除
321,supp,公告〔2024〕第6号,中国人民银行公开市场业务公告〔2024〕第6号,保险公司 ,[meta]…中国人民银行公开市场业务公告〔2024〕第6号 创设证券、基金、保险公司互换便利（SFISF），首期5000亿元，即日起接受申报。 中国人民银行公开市场业务操作室    中国人民银行…,泛化命中'保险公司/保险机构'等，未明确指向人身险公司主体,低,人工复核：判断是否人身险公司经营相关；若确为财险/再保/中介主体则排除
322,supp,人社部发〔2022〕70号,人力资源社会保障部 财政部 国家税务总局 银保监会 证监会关于印发《个人养老金实施办法》的通知, ,[body]…，规范个人养老金运作流程，制定本实施办法。 第二条 个人养老金是指政府政策支持、个人自愿参加、市场化运营、实现养老保险补充功能的制度。个人养老金实行个人账户制，缴费完全由参加人个人承担，自主选择购买符合规定的储蓄存款、理财产品、…,正文明确涉及人身保险/寿险/健康保险/养老险业务，适用主体包含人身险公司；同时存在排除信号(商业银行)，已据主体规则判定,低,人工复核：判断是否人身险公司经营相关；若确为财险/再保/中介主体则排除
323,supp,中国证券监督管理委员会公告〔2024〕10号,中国证券监督管理委员会公告（〔2024〕10号） 公开发行证券的公司信息披露编报规则第4号——保险公司信息披露特别规定（2024年修订）, ,[body]…合同负债、分出保费的分摊、摊回保险服务费用、承保财务损益、分出再保险财务损益；（三）三年平均投资收益率；（四）人身保险公司应当披露签发保险合同的合同服务边际、当期初始确认签发的保险合同的合同服务边际；（五）财产保险公司应当披露三年平…,文件主体/适用对象明确为人身险/寿险/健康险/养老险公司（含其资管子公司）；同时存在排除信号(财产保险公司)，已据主体规则判定,低,人工复核：判断是否人身险公司经营相关；若确为财险/再保/中介主体则排除
