监管文件编号,主题,标题,发文字号,文件来源,正文状态,立法依据,条款引用,备注,子主题
RFN-344cac5f135b22be,T1销售行为与消费者保护,关于印发《保险兼业代理管理暂行办法》的通知,保监发[2000]144号,nfra,完整,中华人民共和国保险法(法律),,条级引用0条/文件级引用5条/自身条款0条/最高层级依据法律,S1人员/中介
RFN-c80e1ebc19b1b605,T1销售行为与消费者保护,关于分红保险销售人员从业年限条件的通知（已废止）,保监发[2000]252号,nfra,完整,无显式立法依据,分红保险管理暂行办法第九条,条级引用1条/文件级引用1条/自身条款0条/最高层级依据无显式依据,S5消保/信息
RFN-127e28adb342a8cb,T1销售行为与消费者保护,关于规范人身保险经营行为有关问题的通知（已废止）,保监发[2000]133号,nfra,完整,保险法(法律),,条级引用0条/文件级引用2条/自身条款0条/最高层级依据法律,S2销售误导
RFN-255f2ffb3344ec7f,T1销售行为与消费者保护,关于贯彻执行保险中介机构管理规定有关问题的通知,保监发〔2001〕195号,nfra,完整,无显式立法依据,,条级引用0条/文件级引用0条/自身条款0条/最高层级依据无显式依据,S1人员/中介
RFN-e85247e670b4cf47,T1销售行为与消费者保护,关于调整投资连结保险销售人员资格限制的通知（已失效）,保监发〔2001〕137号,nfra,核心要点,无显式立法依据,,条级引用0条/文件级引用1条/自身条款0条/最高层级依据无显式依据,S5消保/信息
RFN-3ff60475d67decf3,T1销售行为与消费者保护,关于加强保险代理业务管理有关问题的通知,保监发〔2001〕158号,nfra,完整,无显式立法依据,,条级引用0条/文件级引用0条/自身条款0条/最高层级依据无显式依据,S1人员/中介
RFN-37187a0550e339b8,T1销售行为与消费者保护,关于保险兼业代理机构外设网点合规性等问题的复函,保监办函〔2003〕136号,nfra,完整,保险兼业代理管理暂行办法(部门规章),,条级引用0条/文件级引用3条/自身条款0条/最高层级依据部门规章,S3银邮渠道
RFN-9518bd88f7bb8ae5,T1销售行为与消费者保护,关于加强银行代理人身保险业务管理的通知（已废止）,保监发〔2003〕25号,nfra,完整,无显式立法依据,,条级引用0条/文件级引用0条/自身条款0条/最高层级依据无显式依据,S3银邮渠道
RFN-808e4d5936f1598e,T1销售行为与消费者保护,关于保险营销员工商登记有关问题的通知（已废止）,保监办发〔2003〕90号,nfra,完整,无显式立法依据,,条级引用0条/文件级引用2条/自身条款0条/最高层级依据无显式依据,S1人员/中介
RFN-b2aa69abdc44dd7a,T1销售行为与消费者保护,关于妥善处理人身保险新型产品客户投诉有关问题的通知（已失效）,保监办发〔2003〕24号,nfra,完整,中华人民共和国保险法(法律); 人身保险新型产品信息披露管理暂行办法(部门规章),中华人民共和国保险法第一百二十八条,条级引用1条/文件级引用2条/自身条款0条/最高层级依据法律,S5消保/信息
RFN-f9f3907f57cda0c0,T1销售行为与消费者保护,关于发布保险中介从业人员职业道德指引的通知,保监发〔2004〕143号,nfra,完整,中华人民共和国保险法(法律),,条级引用0条/文件级引用4条/自身条款0条/最高层级依据法律,S1人员/中介
RFN-1ece336900ef4ca6,T1销售行为与消费者保护,关于落实《国家税务总局中国保险监督管理委员会关于规范保险中介服务发票有关问题的通知》的通知（已废止）,保监发〔2004〕57号,nfra,完整,无显式立法依据,,条级引用0条/文件级引用4条/自身条款0条/最高层级依据无显式依据,S1人员/中介
RFN-7513caa410e286c5,T1销售行为与消费者保护,关于规范银行代理保险业务的通知,国税发〔2004〕51号,nfra,完整,中华人民共和国保险法(法律); 国家税务总局、中国保监会关于规范保险中介服务发票有关问题的通知(规范性文件),,条级引用0条/文件级引用6条/自身条款0条/最高层级依据法律,S3银邮渠道
RFN-6106eb1cfa89c082,T1销售行为与消费者保护,关于印发《保险中介机构外部审计指引》的通知,保监发〔2005〕1号,nfra,完整,中华人民共和国保险法(法律); 保险中介公司会计核算办法(部门规章),,条级引用0条/文件级引用6条/自身条款0条/最高层级依据法律,S1人员/中介
RFN-eb50909f70be5f39,T1销售行为与消费者保护,关于加强保险公估机构管理的通知,保监中介〔2005〕619号,nfra,完整,无显式立法依据,,条级引用0条/文件级引用12条/自身条款0条/最高层级依据无显式依据,S1人员/中介
RFN-db6909510692f430,T1销售行为与消费者保护,关于加强万能保险销售管理有关事项的通知,保监发〔2005〕94号,nfra,完整,无显式立法依据,,条级引用0条/文件级引用0条/自身条款0条/最高层级依据无显式依据,S2销售误导
RFN-e8c0d6c9e201231a,T1销售行为与消费者保护,关于规范寿险公司赠送保险有关行为的通知,保监发〔2005〕98号,nfra,完整,无显式立法依据,,条级引用0条/文件级引用1条/自身条款0条/最高层级依据无显式依据,S5消保/信息
RFN-399edab2a63677f2,T1销售行为与消费者保护,关于规范人身保险业务有关问题的通知,保监发〔2005〕22号,nfra,完整,无显式立法依据,,条级引用0条/文件级引用1条/自身条款0条/最高层级依据无显式依据,S5消保/信息
RFN-3bb7e36bdf374796,T1销售行为与消费者保护,关于明确保险营销员佣金构成的通知,保监发〔2006〕48号,nfra,核心要点,无显式立法依据,,条级引用0条/文件级引用1条/自身条款0条/最高层级依据无显式依据,S1人员/中介
RFN-778619b33b988a39,T1销售行为与消费者保护,关于规范保险经纪、公估机构法人许可证期满换发流程的通知,保监厅发〔2006〕48号,nfra,完整,保险代理机构管理规定(部门规章),保险经纪机构管理规定第三十一条; 关于加强保险公估机构管理的通知第一条,条级引用2条/文件级引用5条/自身条款0条/最高层级依据部门规章,X机构/数据
RFN-e66b61bef8b5b765,T1销售行为与消费者保护,关于促进农村人身保险健康规范发展的通知（已废止）,保监发〔2006〕105号,nfra,完整,无显式立法依据,,条级引用0条/文件级引用0条/自身条款0条/最高层级依据无显式依据,S5消保/信息
RFN-716a2ec78544f772,T1销售行为与消费者保护,保险销售从业人员监管办法,保监会令〔2013〕2号,nfra,完整,无显式立法依据,,条级引用0条/文件级引用4条/自身条款5条/最高层级依据无显式依据,S1人员/中介
RFN-31e260aef067c3a4,T1销售行为与消费者保护,关于印发《保险营销员诚信记录管理办法》的通知,保监发〔2007〕98号,nfra,完整,保险营销员管理规定(部门规章),,条级引用0条/文件级引用9条/自身条款1条/最高层级依据部门规章,S1人员/中介
RFN-97ed5b70a6aee3b1,T1销售行为与消费者保护,关于规范保险营销团队管理的通知,保监发〔2007〕93号,nfra,完整,保险营销员管理规定(部门规章); 保险法(法律),,条级引用0条/文件级引用8条/自身条款0条/最高层级依据部门规章,S1人员/中介
RFN-bdcf2e6288ea2d45,T1销售行为与消费者保护,关于加强投资连结保险销售管理有关事项的通知,保监发〔2007〕76号,nfra,完整,无显式立法依据,,条级引用0条/文件级引用0条/自身条款0条/最高层级依据无显式依据,S2销售误导
RFN-56eadda7a101a149,T1销售行为与消费者保护,关于保险中介市场发展的若干意见（已废止）,保监发〔2007〕107号,nfra,完整,国务院关于保险业改革发展的若干意见(规范性文件),,条级引用0条/文件级引用1条/自身条款0条/最高层级依据规范性文件,S1人员/中介
RFN-3310d99e961c2ade,T1销售行为与消费者保护,关于规范代理制保险营销员管理制度的通知（已废止）,保监发〔2007〕123号,nfra,完整,中华人民共和国保险法(法律),,条级引用0条/文件级引用5条/自身条款0条/最高层级依据法律,S1人员/中介
RFN-065949029b3a294c,T1销售行为与消费者保护,关于实施农村保险营销员资格分类管理有关事宜的通知,保监发〔2008〕17号,nfra,完整,无显式立法依据,,条级引用0条/文件级引用3条/自身条款0条/最高层级依据无显式依据,S1人员/中介
RFN-dc3d3bc52b3c5889,T1销售行为与消费者保护,关于加强人身保险收付费相关环节风险管理的通知,保监发〔2008〕97号,nfra,完整,无显式立法依据,,条级引用0条/文件级引用0条/自身条款0条/最高层级依据无显式依据,S5消保/信息
RFN-e2c9508cb1532948,T1销售行为与消费者保护,关于印发《保险专业中介机构分类监管暂行办法》的通知,保监发〔2008〕122号,nfra,完整,保险法(法律); 保险专业代理机构监管规定(部门规章),,条级引用0条/文件级引用5条/自身条款0条/最高层级依据法律,S1人员/中介
RFN-c923da73935a62fa,T1销售行为与消费者保护,关于公布保险理赔（给付）程序 进一步做好理赔服务工作的通知,保监发〔2008〕100号,nfra,完整,无显式立法依据,,条级引用0条/文件级引用0条/自身条款0条/最高层级依据无显式依据,S5消保/信息
RFN-b9e94212a13f4880,T1销售行为与消费者保护,关于提示人身保险银邮代理业务风险的通知,保监寿险〔2008〕576号,nfra,完整,无显式立法依据,,条级引用0条/文件级引用1条/自身条款0条/最高层级依据无显式依据,S3银邮渠道
RFN-c7ee30cfb4e294d6,T1销售行为与消费者保护,关于促进寿险公司电话营销业务规范发展的通知,保监发〔2008〕38号,nfra,完整,人身保险产品审批和备案管理办法(部门规章),,条级引用0条/文件级引用1条/自身条款0条/最高层级依据部门规章,S4互联网/电话
RFN-233baf71fb13ddc2,T1销售行为与消费者保护,关于进一步规范代理制保险营销员管理有关问题的通知,保监厅发〔2008〕27号,nfra,完整,中华人民共和国保险法(法律); 中华人民共和国民法通则(其他),中华人民共和国保险法第112条,条级引用1条/文件级引用3条/自身条款0条/最高层级依据法律,S1人员/中介
RFN-f016ac399473a884,T1销售行为与消费者保护,关于调整农村保险营销员资格直接授予方案报备程序的通知,保监中介〔2008〕1075号,nfra,完整,关于实施农村保险营销员资格分类管理有关事宜的通知(规范性文件),,条级引用0条/文件级引用1条/自身条款0条/最高层级依据规范性文件,S1人员/中介
RFN-a0dea92c7cb3e043,T1销售行为与消费者保护,关于调整保险经纪、保险公估法人许可证换发和高级管理人员任职资格核准工作流程有关事宜的通知,保监发〔2008〕119号,nfra,完整,中华人民共和国行政许可法(法律); 保险经纪机构监管规定(部门规章),,条级引用0条/文件级引用4条/自身条款0条/最高层级依据法律,X机构/数据
RFN-b7257d89ba777dcf,T1销售行为与消费者保护,关于进一步加强投资连结保险销售管理的通知,保监发〔2009〕10号,nfra,完整,无显式立法依据,,条级引用0条/文件级引用0条/自身条款0条/最高层级依据无显式依据,S2销售误导
RFN-bac68062f80d3053,T1销售行为与消费者保护,关于加强和完善保险营销员管理工作有关事项的通知,保监发〔2009〕98号,nfra,完整,关于规范保险营销团队管理的通知(规范性文件),,条级引用0条/文件级引用1条/自身条款0条/最高层级依据规范性文件,S1人员/中介
RFN-96ac98a56e401cdd,T1销售行为与消费者保护,关于贯彻落实《保险专业代理机构监管规定》、《保险经纪机构监管规定》、《保险公估机构监管规定》有关事宜的通知,保监发〔2009〕130号,nfra,完整,三个规定(部门规章); 行政许可法(法律),,条级引用0条/文件级引用8条/自身条款0条/最高层级依据部门规章,S1人员/中介
RFN-28b33b7919097bdb,T1销售行为与消费者保护,关于推进投保提示工作的通知,保监发〔2009〕68号,nfra,完整,中华人民共和国保险法(法律); 人身保险投保提示工作要求(其他); 人身保险投保提示书基准内容(其他),,条级引用0条/文件级引用8条/自身条款0条/最高层级依据法律,S5消保/信息
RFN-60aec5122f4c8f5e,T1销售行为与消费者保护,关于改革完善保险营销员管理体制的意见,保监发〔2010〕84号,nfra,完整,中华人民共和国劳动法(法律),,条级引用0条/文件级引用3条/自身条款0条/最高层级依据法律,S1人员/中介
RFN-201ab43ff9f14a29,T1销售行为与消费者保护,关于进一步加强和完善保险营销员管理工作有关事项的通知,保监中介〔2010〕544号,nfra,完整,通知(规范性文件); 保险法(法律),,条级引用0条/文件级引用5条/自身条款0条/最高层级依据规范性文件,S1人员/中介
RFN-9510822956113cd9,T1销售行为与消费者保护,关于单位能否为员工投保个人保险产品的复函,保监厅函[2010]111号,supp,完整,无显式立法依据,关于规范人身保险经营行为有关问题的通知第六条,条级引用1条/文件级引用3条/自身条款0条/最高层级依据无显式依据,S5消保/信息
RFN-ee2a85429237e4b1,T1销售行为与消费者保护,关于意外险出单管理有关问题的复函,保监寿险[2010]1066号,supp,完整,人身意外伤害保险业务经营标准(其他); 保险法(法律),保险法第三十四条,条级引用1条/文件级引用3条/自身条款0条/最高层级依据其他,S5消保/信息
RFN-78d47fac28a8319e,T1销售行为与消费者保护,关于保险公司中介业务检查中代理人、经纪人佣金监管有关问题的通知,保监中介〔2010〕507号,nfra,完整,中华人民共和国保险法(法律),,条级引用0条/文件级引用3条/自身条款0条/最高层级依据法律,S1人员/中介
RFN-f125bc8f22821dfc,T1销售行为与消费者保护,关于加强保险公司中介业务管理的通知,保监发[2010]107号,supp,完整,中华人民共和国保险法(法律),,条级引用0条/文件级引用2条/自身条款0条/最高层级依据法律,S1人员/中介
RFN-b1c08c3785a08395,T1销售行为与消费者保护,关于加强银行代理寿险业务结构调整促进银行代理寿险业务健康发展的通知（已废止）,保监发〔2010〕4号,nfra,完整,关于进一步加强投资连结保险销售管理的通知(规范性文件),,条级引用0条/文件级引用6条/自身条款0条/最高层级依据规范性文件,S3银邮渠道
RFN-30fe8eab1eae6696,T1销售行为与消费者保护,关于严格规范保险专业中介机构激励行为的通知,保监中介〔2010〕1333号,nfra,完整,无显式立法依据,,条级引用0条/文件级引用1条/自身条款0条/最高层级依据无显式依据,S1人员/中介
RFN-6d5fe958d8be4cc1,T1销售行为与消费者保护,关于进一步规范人身保险电话营销和电话约访行为的通知,保监发〔2010〕99号,nfra,完整,无显式立法依据,,条级引用0条/文件级引用1条/自身条款0条/最高层级依据无显式依据,S4互联网/电话
RFN-5adce45a2655d6c3,T1销售行为与消费者保护,关于调整保险营销员诚信记录登记事项的通知,保监发〔2011〕27号,nfra,完整,无显式立法依据,,条级引用0条/文件级引用1条/自身条款0条/最高层级依据无显式依据,S1人员/中介
RFN-fde12c590486cfd5,T1销售行为与消费者保护,关于加强保险公司与商业银行保单质押贷款业务合作管理有关问题的通知,保监寿险〔2011〕1312号,nfra,完整,无显式立法依据,,条级引用0条/文件级引用1条/自身条款0条/最高层级依据无显式依据,S3银邮渠道
RFN-7caadd410cf2edcf,T1销售行为与消费者保护,关于印发《保险中介服务集团公司监管办法（试行）》的通知,保监发〔2011〕54号,nfra,完整,中华人民共和国保险法(法律); 保险法(法律),公司法第147条,条级引用1条/文件级引用4条/自身条款2条/最高层级依据法律,S1人员/中介
RFN-7f16772184818047,T1销售行为与消费者保护,关于规范人身保险业务经营有关问题的通知,保监发〔2011〕36号,nfra,完整,中华人民共和国保险法(法律),,条级引用0条/文件级引用2条/自身条款0条/最高层级依据法律,S5消保/信息
RFN-752423551e5257fe,T1销售行为与消费者保护,关于印发《保险代理、经纪公司互联网保险业务监管办法（试行）》的通知,保监发〔2011〕53号,nfra,完整,中华人民共和国保险法(法律),,条级引用0条/文件级引用5条/自身条款0条/最高层级依据法律,S1人员/中介
RFN-eddfdcf713ef5e47,T1销售行为与消费者保护,中国保监会关于印发《人身保险业综合治理销售误导评价办法（试行）》的通知,保监发〔2012〕105号,nfra,完整,中华人民共和国保险法(法律); 人身保险业综合治理销售误导效果评价指标体系(其他),,条级引用0条/文件级引用5条/自身条款0条/最高层级依据法律,S2销售误导
RFN-bcfc514b94391a98,T1销售行为与消费者保护,中国保监会关于印发《人身保险公司销售误导责任追究指导意见》的通知,保监发〔2012〕99号,nfra,完整,中华人民共和国保险法(法律),,条级引用0条/文件级引用3条/自身条款0条/最高层级依据法律,S2销售误导
RFN-a429aecda05abca9,T1销售行为与消费者保护,中国保监会关于印发《人身保险销售误导行为认定指引》的通知,保监发〔2012〕87号,nfra,完整,保险法(法律); 中华人民共和国保险法(法律),指引第五条; 指引第六条; 保险法第116条×3; 保险法第131条×3; 指引第七条; 指引第八条; 指引第九条,条级引用7条/文件级引用4条/自身条款0条/最高层级依据法律,S2销售误导
RFN-0e22460fd96dca27,T1销售行为与消费者保护,关于人身保险业综合治理销售误导有关工作的通知,保监发〔2012〕14号,nfra,完整,无显式立法依据,,条级引用0条/文件级引用1条/自身条款0条/最高层级依据无显式依据,S2销售误导
RFN-9f118d8b4f935440,T1销售行为与消费者保护,关于尽快遏制电销扰民有关事项的通知,保监消保〔2012〕1436号,nfra,完整,无显式立法依据,,条级引用0条/文件级引用0条/自身条款0条/最高层级依据无显式依据,S4互联网/电话
RFN-79d528d0366d0068,T1销售行为与消费者保护,关于做好保险消费者权益保护工作的通知,保监发〔2012〕9号,nfra,完整,保险公司信息披露管理办法(部门规章),,条级引用0条/文件级引用2条/自身条款0条/最高层级依据部门规章,S5消保/信息
RFN-3c3859b938b9a995,T1销售行为与消费者保护,关于进一步规范保险专业中介机构激励行为的通知,保监中介〔2012〕202号,nfra,完整,关于严格规范保险专业中介机构激励行为的通知(规范性文件),,条级引用0条/文件级引用1条/自身条款0条/最高层级依据规范性文件,S1人员/中介
RFN-aedbf0e9b08f138f,T1销售行为与消费者保护,中国保监会关于印发《人身保险电话销售业务管理办法》的通知,保监发〔2013〕40号,nfra,完整,中华人民共和国保险法(法律); 保险公司管理规定(部门规章),,条级引用0条/文件级引用7条/自身条款4条/最高层级依据法律,S4互联网/电话
RFN-3426f86e4664d8a4,T1销售行为与消费者保护,关于实施《保险专业代理机构基本服务标准》《保险经纪机构基本服务标准》《保险公估机构基本服务标准》的通知,保监发〔2013〕3号,nfra,完整,保险法(法律); 中华人民共和国保险法(法律),,条级引用0条/文件级引用8条/自身条款0条/最高层级依据法律,S1人员/中介
RFN-46e6b360a0b63c9b,T1销售行为与消费者保护,中国保监会关于进一步发挥保险经纪公司促进保险创新作用的意见,保监发〔2013〕16号,nfra,完整,无显式立法依据,,条级引用0条/文件级引用0条/自身条款0条/最高层级依据无显式依据,S1人员/中介
RFN-486bfdb11f7dfd67,T1销售行为与消费者保护,中国保监会办公厅关于保险销售、保险经纪、保险公估从业人员资格证书和执业证书有关事项的通知,保监厅发〔2013〕30号,nfra,完整,保险销售从业人员监管办法(部门规章),,条级引用0条/文件级引用8条/自身条款0条/最高层级依据部门规章,S1人员/中介
RFN-0bd80ef2b6fcaebc,T1销售行为与消费者保护,中国保监会关于印发《人身保险公司服务评价管理办法》的通知,保监发〔2013〕73号,nfra,完整,办法(部门规章); 人身保险业务基本服务规定(部门规章); 人身保险行业客户满意度指数测评实施方案(规范性文件); 保险法(法律),保险法第171条; 保险法第172条,条级引用2条/文件级引用6条/自身条款1条/最高层级依据部门规章,S5消保/信息
RFN-949ffc4890a853bb,T1销售行为与消费者保护,中国保监会关于严格规范非保险金融产品销售的通知,保监发〔2014〕90号,nfra,完整,无显式立法依据,,条级引用0条/文件级引用0条/自身条款0条/最高层级依据无显式依据,S7适当性/新行为
RFN-6025708b82d19a85,T1销售行为与消费者保护,关于印发《中国保监会关于加强保险消费者权益保护工作的意见》的通知,保监发〔2014〕89号,nfra,完整,社会信用体系建设规划纲要（2014－2020年）(其他),,条级引用0条/文件级引用4条/自身条款0条/最高层级依据其他,S5消保/信息
RFN-8b17476e653926b8,T1销售行为与消费者保护,中国保监会关于保险中介从业人员管理有关问题的通知,保监中介〔2015〕139号,supp,完整,国务院审改办关于严肃纪律巩固行政审批制度改革成果的通知(规范性文件),,条级引用0条/文件级引用3条/自身条款0条/最高层级依据规范性文件,S1人员/中介
RFN-b2dc070aae6d7995,T1销售行为与消费者保护,保险经纪机构监管规定（2015年修订）,中国保险监督管理委员会令2009年第6号,nfra,完整,无显式立法依据,,条级引用0条/文件级引用2条/自身条款0条/最高层级依据无显式依据,S1人员/中介
RFN-d13e858182803995,T1销售行为与消费者保护,中国保监会关于印发《保险小额理赔服务指引（试行）》的通知,保监消保〔2015〕201号,nfra,完整,国务院关于加快发展现代保险服务业的若干意见(规范性文件); 指引(部门规章); 中国保监会关于加强保险消费者权益保护工作的意见(规范性文件),,条级引用0条/文件级引用4条/自身条款0条/最高层级依据规范性文件,S5消保/信息
RFN-449377d09304d076,T1销售行为与消费者保护,关于印发《保险公司服务评价管理办法（试行）》的通知,保监发〔2015〕75号,nfra,完整,无显式立法依据,,条级引用0条/文件级引用2条/自身条款0条/最高层级依据无显式依据,S5消保/信息
RFN-3d2e4e77b9696c64,T1销售行为与消费者保护,保险公估机构监管规定（2015年修订）,中国保险监督管理委员会令2009年第7号,nfra,完整,无显式立法依据,,条级引用0条/文件级引用2条/自身条款0条/最高层级依据无显式依据,S1人员/中介
RFN-55f91e7c0fcda473,T1销售行为与消费者保护,中国保监会关于印发《互联网保险业务监管暂行办法》的通知,保监发〔2015〕69号,nfra,完整,中华人民共和国保险法(法律); 人身保险新型产品信息披露管理办法(部门规章),,条级引用0条/文件级引用5条/自身条款1条/最高层级依据法律,S4互联网/电话
RFN-e334d8cce1f13776,T1销售行为与消费者保护,中国保监会关于深化保险中介市场改革的意见,保监发〔2015〕91号,nfra,完整,无显式立法依据,,条级引用0条/文件级引用2条/自身条款0条/最高层级依据无显式依据,S1人员/中介
RFN-1eb5a997aca74bd9,T1销售行为与消费者保护,中国保监会关于进一步规范保险理赔服务有关事项的通知,保监寿险〔2016〕131号,nfra,完整,无显式立法依据,,条级引用0条/文件级引用0条/自身条款0条/最高层级依据无显式依据,S5消保/信息
RFN-4ab1a1555817bbc8,T1销售行为与消费者保护,中国保监会关于印发《保险销售行为可回溯管理暂行办法》的通知,保监发〔2017〕54号,nfra,完整,关于加强金融消费者权益保护工作的指导意见(规范性文件); 办法(部门规章); 保险法(法律),,条级引用0条/文件级引用4条/自身条款1条/最高层级依据规范性文件,S2销售误导
RFN-d2e7a82477f02321,T1销售行为与消费者保护,中国保监会关于进一步加强人身保险公司销售管理工作的通知,保监人身险〔2017〕136号,nfra,完整,无显式立法依据,,条级引用0条/文件级引用0条/自身条款1条/最高层级依据无显式依据,S2销售误导
RFN-456cbc25ed7abfd4,T1销售行为与消费者保护,关于加强自媒体营销宣传行为管理的通知,银保监发〔2018〕27号,supp,完整,无显式立法依据,,条级引用0条/文件级引用3条/自身条款0条/最高层级依据无显式依据,S7适当性/新行为
RFN-94a1e55c54595567,T1销售行为与消费者保护,保险经纪人监管规定,保监会令〔2018〕3号,nfra,完整,中华人民共和国保险法(法律); 保险法(法律); 保险许可证管理办法(部门规章),,条级引用0条/文件级引用8条/自身条款9条/最高层级依据法律,S1人员/中介
RFN-fdd4c59c39fd50f8,T1销售行为与消费者保护,保险公估人监管规定,保监会令〔2018〕2号,nfra,完整,中华人民共和国保险法(法律); 保险法(法律),资产评估法第十五条,条级引用1条/文件级引用9条/自身条款8条/最高层级依据法律,S1人员/中介
RFN-c616b2b4ff8e65be,T1销售行为与消费者保护,中国银行保险监督管理委员会关于放开外资保险经纪公司经营范围的通知,银保监发〔2018〕19号,nfra,完整,无显式立法依据,,条级引用0条/文件级引用2条/自身条款0条/最高层级依据无显式依据,S1人员/中介
RFN-41cbdba31797f083,T1销售行为与消费者保护,中国银行保险监督管理委员会关于印发《保险公估基本准则》的通知,银保监发〔2018〕21号,nfra,完整,中华人民共和国资产评估法(法律); 中华人民共和国保险法(法律); 保险法(法律); 资产评估法(法律),,条级引用0条/文件级引用7条/自身条款0条/最高层级依据法律,S1人员/中介
RFN-763780caf95292c6,T1销售行为与消费者保护,中国银保监会关于切实加强和改进保险服务的通知,银保监发〔2018〕40号,nfra,完整,无显式立法依据,,条级引用0条/文件级引用1条/自身条款0条/最高层级依据无显式依据,S3银邮渠道
RFN-39c0fc086c78c90d,T1销售行为与消费者保护,中国银保监会办公厅关于做好港澳台居民居住证使用工作有关事项的通知,银保监办发[2018]83号,nfra,完整,办法(部门规章); 港澳台居民居住证机读信息规范（试行版）(其他),,条级引用0条/文件级引用3条/自身条款0条/最高层级依据部门规章,S3银邮渠道
RFN-280bba93cfa3b5dd,T1销售行为与消费者保护,中国银保监会办公厅关于加强保险公司中介渠道业务管理的通知,银保监办发〔2019〕19号,nfra,完整,无显式立法依据,,条级引用0条/文件级引用1条/自身条款0条/最高层级依据无显式依据,S1人员/中介
RFN-c845291d924f0b48,T1销售行为与消费者保护,中国人民银行 中国银行保险监督管理委员会 中国证券监督管理委员会 国家外汇管理局关于进一步规范金融营销宣传行为的通知（银发〔2019〕316号）,银发〔2019〕316号,pbc,完整,中华人民共和国中国人民银行法(法律),,条级引用0条/文件级引用6条/自身条款0条/最高层级依据法律,S7适当性/新行为
RFN-1f6000fdb3c3a1ba,T1销售行为与消费者保护,中国银保监会办公厅关于坚决杜绝保险机构及从业人员违规销售非保险金融产品的通知,银保监办发〔2019〕20号,supp,完整,通知(规范性文件),,条级引用0条/文件级引用2条/自身条款0条/最高层级依据规范性文件,S1人员/中介
RFN-0101b070be1f1aa2,T1销售行为与消费者保护,《关于开展保险公司销售从业人员执业登记数据清核工作的通知》,银保监办发〔2019〕71号,supp,完整,中华人民共和国保险法(法律); 中国保险统计信息系统对接标准(其他),,条级引用0条/文件级引用3条/自身条款0条/最高层级依据法律,S1人员/中介
RFN-e5a60d918465f9ee,T1销售行为与消费者保护,中国银保监会办公厅关于印发《商业银行代理保险业务管理办法》的通知,银保监办发〔2019〕179号,nfra,完整,中华人民共和国保险法(法律),中华人民共和国保险法第一百六十五条,条级引用1条/文件级引用12条/自身条款0条/最高层级依据法律,S3银邮渠道
RFN-8d08e4069595e6da,T1销售行为与消费者保护,中国银保监会办公厅关于开展银行保险机构侵害消费者权益乱象整治工作的通知,中国银保监会办公厅关于开展银行保险机构侵害消费者权益乱象整治工作的通知银保监办发〔2019〕194号,nfra,完整,无显式立法依据,,条级引用0条/文件级引用1条/自身条款0条/最高层级依据无显式依据,S2销售误导
RFN-73253ae1a83ce441,T1销售行为与消费者保护,中国银保监会关于银行保险机构加强消费者权益保护工作体制机制建设的指导意见,银保监发〔2019〕38号,nfra,完整,无显式立法依据,,条级引用0条/文件级引用1条/自身条款0条/最高层级依据无显式依据,S3银邮渠道
RFN-de6540d3191cfce5,T1销售行为与消费者保护,中国银保监会关于开展“巩固治乱象成果 促进合规建设”工作的通知,银保监发[2019]23号,nfra,完整,无显式立法依据,,条级引用0条/文件级引用0条/自身条款0条/最高层级依据无显式依据,S7适当性/新行为
RFN-ad1d22dc64f02096,T1销售行为与消费者保护,中国银保监会办公厅关于取消部分证明材料的通知,银保监办发〔2019〕181号,nfra,完整,国务院办公厅关于做好证明事项清理工作的通知(规范性文件),,条级引用0条/文件级引用1条/自身条款0条/最高层级依据规范性文件,S3银邮渠道
RFN-96b765bc4ce98ec5,T1销售行为与消费者保护,关于保险企业手续费及佣金支出税前扣除政策的公告,财政部、税务总局公告2019年第72号,mof,完整,财政部 国家税务总局关于企业手续费及佣金支出税前扣除政策的通知(规范性文件),财政部 国家税务总局关于企业手续费及佣金支出税前扣除政策的通知第二条; 财政部 国家税务总局关于企业手续费及佣金支出税前扣除政策的通知第一条,条级引用2条/文件级引用1条/自身条款0条/最高层级依据规范性文件,S1人员/中介
RFN-8956cecc20380d22,T1销售行为与消费者保护,中国银保监会关于规范互联网保险销售行为可回溯管理的通知,银保监发[2020]26号,nfra,完整,无显式立法依据,,条级引用0条/文件级引用1条/自身条款0条/最高层级依据无显式依据,S2销售误导
RFN-dbacd268f2e2a3ab,T1销售行为与消费者保护,互联网保险业务监管办法,中国银行保险监督管理委员会令[2020]13号,nfra,完整,中华人民共和国保险法(法律),,条级引用0条/文件级引用6条/自身条款4条/最高层级依据法律,S4互联网/电话
RFN-51abefb17e408d4d,T1销售行为与消费者保护,保险代理人监管规定,中国银行保险监督管理委员会令[2020]11号,nfra,完整,中华人民共和国保险法(法律); 保险法(法律),中华人民共和国公司法第一百四十六条,条级引用1条/文件级引用7条/自身条款9条/最高层级依据法律,S1人员/中介
RFN-538246b44e55863d,T1销售行为与消费者保护,中国银行保险监督管理委员会办公厅关于发展独立个人保险代理人有关事项的通知,银保监办发[2020]118号,supp,完整,中华人民共和国保险法(法律),中华人民共和国保险法第一百三十一条,条级引用1条/文件级引用2条/自身条款0条/最高层级依据法律,S1人员/中介
RFN-b6f2e3de87f56668,T1销售行为与消费者保护,中国银保监会办公厅关于落实保险公司主体责任 加强保险销售人员管理的通知,银保监办发[2020]41号,nfra,完整,中国银保监会办公厅关于加强保险公司中介渠道业务管理的通知(规范性文件),中华人民共和国保险法第一百一十六条; 中华人民共和国保险法第一百三十一条,条级引用2条/文件级引用2条/自身条款0条/最高层级依据规范性文件,S3银邮渠道
RFN-78e7878746afaafd,T1销售行为与消费者保护,中国银保监会办公厅关于切实加强保险专业中介机构从业人员管理的通知,银保监办发[2020]42号,nfra,完整,中华人民共和国保险法(法律),中华人民共和国保险法第一百三十一条; 保险公估人监管规定第三十一条,条级引用2条/文件级引用2条/自身条款0条/最高层级依据法律,S3银邮渠道
RFN-cf9bf8df3fefb087,T1销售行为与消费者保护,银行业保险业消费投诉处理管理办法,中国银行保险监督管理委员会令[2020]3号,nfra,完整,中华人民共和国银行业监督管理法(法律); 中华人民共和国保险法(法律),,条级引用0条/文件级引用6条/自身条款2条/最高层级依据法律,S6投诉
RFN-7684dfbe8a46b362,T1销售行为与消费者保护,中国银保监会办公厅关于进一步规范保险机构互联网人身保险业务有关事项的通知,银保监办发[2021]108号,nfra,完整,中华人民共和国保险法(法律),,条级引用0条/文件级引用4条/自身条款0条/最高层级依据法律,S3银邮渠道
RFN-aa19f65da57e5ec1,T1销售行为与消费者保护,关于深入开展人身保险市场乱象治理专项工作的通知,银保监办便函〔2021〕477号,supp,完整,无显式立法依据,,条级引用0条/文件级引用0条/自身条款0条/最高层级依据无显式依据,S2销售误导
RFN-59b9c4fc9ad76efd,T1销售行为与消费者保护,中国银保监会办公厅关于明确保险中介市场对外开放有关措施的通知,银保监办发[2021]128号,nfra,完整,无显式立法依据,,条级引用0条/文件级引用3条/自身条款0条/最高层级依据无显式依据,S1人员/中介
RFN-fbdaa69875495dfe,T1销售行为与消费者保护,中国银保监会关于印发银行保险机构消费者权益保护监管评价办法的通知,银保监发〔2021〕24号,nfra,完整,中华人民共和国银行业监督管理法(法律),,条级引用0条/文件级引用6条/自身条款0条/最高层级依据法律,S5消保/信息
RFN-083a6756e550da1d,T1销售行为与消费者保护,中国银保监会关于服务煤电行业正常生产和商品市场有序流通 保障经济平稳运行有关事项的通知,银保监发[2021]42号,nfra,完整,无显式立法依据,,条级引用0条/文件级引用1条/自身条款0条/最高层级依据无显式依据,X其他
RFN-49d70defed73b858,T1销售行为与消费者保护,中国银保监会办公厅关于2021年进一步推动小微企业金融服务高质量发展的通知,银保监办发[2021]49号,nfra,完整,无显式立法依据,,条级引用0条/文件级引用0条/自身条款0条/最高层级依据无显式依据,X其他
RFN-51a114e2f638b70b,T1销售行为与消费者保护,中国银保监会办公厅关于印发保险中介机构信息化工作监管办法的通知,银保监办发[2021]3号,nfra,完整,中华人民共和国保险法(法律),保险代理人监管规定第七条; 保险代理人监管规定第十二条; 保险代理人监管规定第十八条; 保险经纪人监管规定第七条; 保险经纪人监管规定第十六条; 保险公估人监管规定第十六条; 保险公估人监管规定第十八条,条级引用7条/文件级引用7条/自身条款1条/最高层级依据法律,S1人员/中介
RFN-4f8ff885f0a76d12,T1销售行为与消费者保护,中国银保监会关于印发人身保险公司监管主体职责改革方案的通知,银保监发[2021]1号,nfra,完整,无显式立法依据,,条级引用0条/文件级引用2条/自身条款0条/最高层级依据无显式依据,S5消保/信息
RFN-cf37a691dab2c2a0,T1销售行为与消费者保护,中国银保监会关于清理规章规范性文件的决定,中国银行保险监督管理委员会令[2021]7号,nfra,完整,保险专业代理机构监管规定(部门规章); 保险销售从业人员监管办法(部门规章); “十二五期间”深化医药卫生体制改革规划暨实施方案(规范性文件),个人定期存单质押贷款办法第一条; 单位定期存单质押贷款管理规定第一条; 保险资金间接投资基础设施项目管理办法第一条; 商业银行互联网贷款管理暂行办法第二十三条; 中国保监会关于印发<保险资金委托投资管理暂行办法>的通知第一条; 银行业金融机构与融资担保公司业务合作指引第一条; 中国银保监会办公厅关于加强商业保理企业监督管理的通知第一条,条级引用7条/文件级引用63条/自身条款0条/最高层级依据部门规章,S5消保/信息
RFN-c6efe53cbf661297,T1销售行为与消费者保护,中国银保监会办公厅关于开展银行保险机构侵害个人信息权益乱象专项整治工作的通知,银保监办发[2022]80号,supp,完整,无显式立法依据,,条级引用0条/文件级引用0条/自身条款0条/最高层级依据无显式依据,S2销售误导
RFN-d9a725afed1a974b,T1销售行为与消费者保护,中国银保监会 国家互联网信息办公室工业和信息化部 市场监管总局关于规范“银行”字样使用有关事项的通知,银保监规[2022]18号,nfra,完整,中华人民共和国商业银行法(法律); 反不正当竞争法(法律),中华人民共和国商业银行法第七十九条,条级引用1条/文件级引用4条/自身条款0条/最高层级依据法律,S3银邮渠道
RFN-24af2c0209f2a1ef,T1销售行为与消费者保护,中国银保监会办公厅关于进一步加强消费投诉处理工作的通知,银保监办发〔2022〕90号,supp,完整,银行业保险业消费投诉处理管理办法(部门规章),,条级引用0条/文件级引用1条/自身条款0条/最高层级依据部门规章,S3银邮渠道
RFN-181834bcb8e6bdfc,T1销售行为与消费者保护,关于规范银行代理渠道保险产品的通知,2023年,supp,无正文,无显式立法依据,,无正文，未参与V2抽取,
RFN-f1bcee8fe632f6b7,T1销售行为与消费者保护,关于银保产品管理有关事宜的通知,2023年,supp,无正文,无显式立法依据,,无正文，未参与V2抽取,
RFN-946238a80cf9fab2,T1销售行为与消费者保护,保险销售行为管理办法,国家金融监督管理总局令[2023]2号,nfra,完整,中华人民共和国保险法(法律),,条级引用0条/文件级引用2条/自身条款2条/最高层级依据法律,S2销售误导
RFN-8c54a4db80812c50,T1销售行为与消费者保护,关于强化管理促进人身险业务平稳健康发展的通知,人身险部函【2023】428号,supp,完整,无显式立法依据,,条级引用0条/文件级引用0条/自身条款0条/最高层级依据无显式依据,S2销售误导
RFN-a0b5d56bfe2b37fc,T1销售行为与消费者保护,关于规范人身保险公司银行代理渠道业务有关事项的通知,金办便函〔2024〕66号,supp,完整,保险法(法律),,条级引用0条/文件级引用1条/自身条款0条/最高层级依据法律,S3银邮渠道
RFN-9241d7927ce170a6,T1销售行为与消费者保护,国家金融监督管理总局关于商业银行代理保险业务有关事项的通知,金规[2024]8号,nfra,完整,无显式立法依据,中国银保监会办公厅关于印发商业银行代理保险业务管理办法的通知第三十九条第二款,条级引用1条/文件级引用2条/自身条款0条/最高层级依据无显式依据,S3银邮渠道
RFN-b879cf95ce425985,T1销售行为与消费者保护,国家金融监督管理总局关于推进普惠保险高质量发展的指导意见,金发[2024]13号,nfra,完整,无显式立法依据,,条级引用0条/文件级引用2条/自身条款0条/最高层级依据无显式依据,S5消保/信息
RFN-28e4deb64642fdb6,T1销售行为与消费者保护,国家金融监督管理总局办公厅关于进一步加强金融机构营销行为管理的通知,金办发〔2025〕63号,supp,完整,无显式立法依据,,条级引用0条/文件级引用0条/自身条款0条/最高层级依据无显式依据,S7适当性/新行为
RFN-c9e5cb26b9b26f14,T1销售行为与消费者保护,国家金融监督管理总局关于推动深化人身保险行业个人营销体制改革的通知,金规[2025]13号,nfra,完整,国务院关于加强监管防范风险推动保险业高质量发展的若干意见(规范性文件),,条级引用0条/文件级引用2条/自身条款0条/最高层级依据规范性文件,S1人员/中介
RFN-38304c4090cfd1fa,T1销售行为与消费者保护,国家金融监督管理总局关于印发《金融机构消费者权益保护监管评价办法》的通知,金规〔2025〕20号,nfra,完整,中华人民共和国银行业监督管理法(法律),,条级引用0条/文件级引用5条/自身条款0条/最高层级依据法律,S5消保/信息
RFN-62d36d708fef3329,T1销售行为与消费者保护,金融机构产品适当性管理办法,国家金融监督管理总局令[2025]7号,nfra,完整,中华人民共和国银行业监督管理法(法律),,条级引用0条/文件级引用4条/自身条款3条/最高层级依据法律,S7适当性/新行为
RFN-ddf8280065cda015,T1销售行为与消费者保护,中国银保监会办公厅关于推广人身保险电子化回访工作的通知,,supp,完整,中华人民共和国保险法(法律),,条级引用0条/文件级引用1条/自身条款0条/最高层级依据法律,S4互联网/电话
RFN-28419373d82254db,T1销售行为与消费者保护,人身保险业务基本服务规定,中国保险监督管理委员会令2010年第4号,nfra,完整,无显式立法依据,,条级引用0条/文件级引用2条/自身条款0条/最高层级依据无显式依据,S5消保/信息
RFN-c376b40dc174f080,T1销售行为与消费者保护,中华人民共和国消费者权益保护法实施条例,中华人民共和国国务院令第778号,gov,完整,中华人民共和国消费者权益保护法(法律); 中华人民共和国广告法(法律); 中华人民共和国治安管理处罚法(法律); 中华人民共和国行政处罚法(法律),,条级引用0条/文件级引用4条/自身条款3条/最高层级依据法律,S5消保/信息
RFN-e7f16ef940e67852,T1销售行为与消费者保护,银行保险机构消费者权益保护管理办法,中国银行保险监督管理委员会令2022年第9号,nfra,完整,无显式立法依据,,条级引用0条/文件级引用2条/自身条款0条/最高层级依据无显式依据,S3银邮渠道
RFN-b1da8f220ff6beb8,T1销售行为与消费者保护,保险消费投诉处理管理办法,保监会令〔2013〕8号,nfra,完整,无显式立法依据,,条级引用0条/文件级引用2条/自身条款0条/最高层级依据无显式依据,S6投诉
RFN-79dc56c0dec3a960,T1销售行为与消费者保护,中国银保监会关于进一步加强金融服务民营企业有关工作的通知,银保监发〔2019〕8号,nfra,完整,无显式立法依据,,条级引用0条/文件级引用2条/自身条款0条/最高层级依据无显式依据,X其他
RFN-abe0b8e7f6398399,T1销售行为与消费者保护,关于人身保险业务有关问题的通知（已废止）,保监发[1999]15号,nfra,完整,无显式立法依据,,条级引用0条/文件级引用1条/自身条款0条/最高层级依据无显式依据,S5消保/信息
RFN-955e2d85ba32511d,T1销售行为与消费者保护,保险公估机构管理规定 ,保监会令〔2001〕3号,nfra,完整,无显式立法依据,,条级引用0条/文件级引用2条/自身条款0条/最高层级依据无显式依据,S1人员/中介
RFN-cbab6f767d0dd52e,T1销售行为与消费者保护,保险营销员管理规定,保监会令〔2006〕3号,nfra,完整,无显式立法依据,,条级引用0条/文件级引用2条/自身条款0条/最高层级依据无显式依据,S1人员/中介
RFN-7d50757a099c2c05,T1销售行为与消费者保护,保险经纪从业人员、保险公估从业人员监管办法,保监会令〔2013〕3号,nfra,完整,无显式立法依据,,条级引用0条/文件级引用2条/自身条款0条/最高层级依据无显式依据,S1人员/中介
RFN-f3e4a7de6069eb9a,T1销售行为与消费者保护,国家金融监督管理总局关于印发《商业银行代理销售业务管理办法》的通知,金规〔2025〕6号,nfra,完整,中华人民共和国银行业监督管理法(法律),,条级引用0条/文件级引用7条/自身条款1条/最高层级依据法律,X代销总纲
RFN-f58d1c0e8ee56049,T1销售行为与消费者保护,金融产品网络营销管理办法,人民银行等八部门公告〔2026〕第9号,gov,完整,无显式立法依据,,条级引用0条/文件级引用0条/自身条款0条/最高层级依据无显式依据,X网络营销总纲
RFN-591edf15c13b0112,T1销售行为与消费者保护,关于严禁违规开展学平险业务的通知（已失效）,保监发[2000]147号,nfra,完整,无显式立法依据,,条级引用0条/文件级引用1条/自身条款0条/最高层级依据无显式依据,P7条款与标准
RFN-d2c2f7ab8d9f3dd3,T1销售行为与消费者保护,关于规范“中小学生平安保险”代办业务有关问题的通知（已废止）,保监发[1999]118号,nfra,完整,无显式立法依据,,条级引用0条/文件级引用0条/自身条款0条/最高层级依据无显式依据,P1产品审批备案
RFN-0342cae3577bd20a,T1销售行为与消费者保护,保险产品适当性管理自律规范,中保协 2026-03-27,supp,完整,无显式立法依据,,条级引用0条/文件级引用2条/自身条款0条/最高层级依据无显式依据,P1产品审批备案
RFN-e146828784b8125c,T1销售行为与消费者保护,关于印发《保险监管人员行为准则》和《保险从业人员行为准则》的通知,保监发〔2009〕24号,nfra,完整,中华人民共和国公务员法(法律); 中华人民共和国保险法(法律),,条级引用0条/文件级引用4条/自身条款0条/最高层级依据法律,G4董事高管
RFN-3a6d19f09a88aed2,T1销售行为与消费者保护,国家金融监督管理总局关于进一步提升金融服务适老化水平的指导意见,金发[2024]34号,nfra,完整,无显式立法依据,,条级引用0条/文件级引用1条/自身条款0条/最高层级依据无显式依据,D2养老金融
RFN-9e69f7092e7568b9,T1销售行为与消费者保护,中国保监会关于印发《人身保险客户信息真实性管理暂行办法》的通知,保监发〔2013〕82号,nfra,完整,中华人民共和国保险法(法律); 保险法(法律),中华人民共和国保险法第一百七十二条; 中华人民共和国保险法第一百七十三条; 保险法第一百七十二条; 保险法第一百七十三条,条级引用4条/文件级引用5条/自身条款0条/最高层级依据法律,U未分类
RFN-5cd130f376ba34d9,T1销售行为与消费者保护,关于落实《保险销售行为可回溯管理暂行办法》有关事项的通知,保监消保〔2017〕265号,supp,完整,保险销售行为可回溯管理暂行办法(部门规章),办法第六条×2; 办法第七条,条级引用2条/文件级引用2条/自身条款0条/最高层级依据部门规章,补A·可回溯落实
RFN-600b25ea909a0d88,T1销售行为与消费者保护,中国银监会办公厅关于商业银行开展代理销售基金和保险产品相关业务风险提示的通知,银监办发〔2008〕274号,supp,完整,无显式立法依据,,条级引用0条/文件级引用0条/自身条款0条/最高层级依据无显式依据,补B·爬虫库
RFN-a3cd627cf001d29f,T1销售行为与消费者保护,中国银保监会2022年规章立法工作计划,N/A,nfra,完整,无显式立法依据,,条级引用0条/文件级引用2条/自身条款0条/最高层级依据无显式依据,S3银邮渠道
RFN-dcff50c66c932098,T1销售行为与消费者保护,关于规范团体保险经营行为有关问题的通知,保监发〔2005〕62号,nfra,完整,无显式立法依据,,条级引用0条/文件级引用2条/自身条款0条/最高层级依据无显式依据,S1人员/中介
RFN-30db7bb8ad56799b,T1销售行为与消费者保护,关于严禁协助境外保险公司推销地下保单有关问题的通知,保监发〔2004〕29号,nfra,完整,无显式立法依据,,条级引用0条/文件级引用1条/自身条款0条/最高层级依据无显式依据,S1人员/中介
RFN-cf85f0dc63c22f2f,T1销售行为与消费者保护,关于在兼业代理网点销售人身保险新型产品的批复,保监函〔2002〕119号,nfra,完整,无显式立法依据,,条级引用0条/文件级引用1条/自身条款0条/最高层级依据无显式依据,S1人员/中介
RFN-0cfbb1fed4a02f5f,T1销售行为与消费者保护,关于调整保险代理从业人员基本资格考试有关事项的通知（已失效）,保监厅发〔2004〕50号,nfra,完整,无显式立法依据,,条级引用0条/文件级引用6条/自身条款0条/最高层级依据无显式依据,S1人员/中介
RFN-6556e0d430a80454,T1销售行为与消费者保护,关于保险公司代理销售企业年金有关问题的函,保监中介〔2005〕1035号,nfra,摘要,无显式立法依据,,条级引用0条/文件级引用1条/自身条款0条/最高层级依据无显式依据,S1人员/中介
RFN-d54da4b489cc13c6,T1销售行为与消费者保护,关于保险公司员工非正常购买保险行为定性问题的复函,保监厅函〔2005〕199号,nfra,完整,保险法(法律),,条级引用0条/文件级引用3条/自身条款0条/最高层级依据法律,S1人员/中介
RFN-979909a99a339372,T1销售行为与消费者保护,关于银行类保险兼业代理机构行政许可有关事项的通知,保监中介〔2016〕44号,nfra,完整,中国保监会关于深化保险中介市场改革的意见(规范性文件); 中华人民共和国保险法(法律),,条级引用0条/文件级引用2条/自身条款1条/最高层级依据规范性文件,S1人员/中介
RFN-4e3131787e5a2f80,T1销售行为与消费者保护,中国保监会关于保险业履行社会责任的指导意见,保监发〔2015〕123号,nfra,完整,无显式立法依据,,条级引用0条/文件级引用0条/自身条款0条/最高层级依据无显式依据,P1产品审批备案
RFN-b589e0692561ef42,T1销售行为与消费者保护,中国保监会 国家发展改革委关于印发《中国保险业信用体系建设规划（2015－2020年）》的通知,保监发〔2015〕16号,nfra,完整,社会信用体系建设规划纲要（2014－2020年）(其他),,条级引用0条/文件级引用6条/自身条款0条/最高层级依据其他,P4精算与准备金
RFN-2c6a41afa6f23bff,T1销售行为与消费者保护,中国保监会 中国银监会关于进一步规范商业银行代理保险业务销售行为的通知,保监发〔2014〕3号,nfra,完整,无显式立法依据,,条级引用0条/文件级引用0条/自身条款0条/最高层级依据无显式依据,S3银邮渠道
RFN-28592205e5bf65d0,T1销售行为与消费者保护,关于加快天津滨海新区保险改革试验区创新发展的意见,保监发〔2007〕110号,nfra,完整,国务院关于推进天津滨海新区开发开放有关问题的意见(规范性文件),,条级引用0条/文件级引用4条/自身条款0条/最高层级依据规范性文件,P1产品审批备案
RFN-06e6f7e1ded1d4ad,T1销售行为与消费者保护,关于进一步加强保险业诚信建设的通知（已废止）,保监发〔2005〕7号,nfra,完整,无显式立法依据,,条级引用0条/文件级引用0条/自身条款0条/最高层级依据无显式依据,P1产品审批备案
RFN-f96b7b0074545099,T1销售行为与消费者保护,关于加强保险业宣传工作的通知（已失效）,保监发〔2002〕96号,nfra,完整,保险业对外宣传管理暂行规定(部门规章); 保险法(法律),,条级引用0条/文件级引用5条/自身条款0条/最高层级依据部门规章,P1产品审批备案
RFN-93cf24eecccf929b,T1销售行为与消费者保护,关于加强保险中介从业人员继续教育管理工作的通知（已废止）,保监发〔2005〕107号,nfra,完整,无显式立法依据,,条级引用0条/文件级引用6条/自身条款0条/最高层级依据无显式依据,S1人员/中介
RFN-aa25448f04553219,T1销售行为与消费者保护,关于2005年下半年保险代理从业人员资格考试有关事项的通知,保监发〔2005〕46号,nfra,完整,无显式立法依据,,条级引用0条/文件级引用7条/自身条款0条/最高层级依据无显式依据,S1人员/中介
RFN-75f5ada513870132,T1销售行为与消费者保护,中国银保监会办公厅关于深化银行业保险业“放管服”改革 优化营商环境的通知,银保监办发[2020]129号,nfra,完整,无显式立法依据,,条级引用0条/文件级引用1条/自身条款0条/最高层级依据无显式依据,S3银邮渠道
RFN-d87f91e80a21f732,T1销售行为与消费者保护,中国银保监会关于开展银行业保险业市场乱象整治“回头看”工作的通知,银保监发[2020]27号,nfra,完整,无显式立法依据,,条级引用0条/文件级引用1条/自身条款0条/最高层级依据无显式依据,S1人员/中介
RFN-c52c03ee0ac9f135,T1销售行为与消费者保护,中国银保监会关于推动银行业和保险业高质量发展的指导意见,银保监发[2019]52号,nfra,完整,无显式立法依据,,条级引用0条/文件级引用0条/自身条款0条/最高层级依据无显式依据,S3银邮渠道
RFN-3678cb752c5eda74,T1销售行为与消费者保护,中国保监会关于印发《中国保监会关于加强保险消费风险提示工作的意见》的通知,保监发〔2017〕66号,nfra,完整,国务院办公厅关于加强金融消费者权益保护工作的指导意见(规范性文件),,条级引用0条/文件级引用2条/自身条款0条/最高层级依据规范性文件,G5内控合规
RFN-1424066b74b361a3,T1销售行为与消费者保护,关于全面推进保险纠纷诉讼与调解对接机制建设的意见,法〔2016〕374号,nfra,完整,中共中央关于全面推进依法治国若干重大问题的决定(规范性文件); 最高人民法院关于建立健全诉讼与非诉讼相衔接的矛盾纠纷解决机制的若干意见(规范性文件),,条级引用0条/文件级引用8条/自身条款0条/最高层级依据规范性文件,S1人员/中介
RFN-797de304b1174246,T1销售行为与消费者保护,中国保监会办公厅关于进一步加强保险业信访工作的指导意见,保监厅发〔2016〕24号,nfra,完整,无显式立法依据,,条级引用0条/文件级引用0条/自身条款0条/最高层级依据无显式依据,S3银邮渠道
RFN-84daea421e7dcede,T1销售行为与消费者保护,中国保监会关于修改《中国保监会关于严格规范非保险金融产品销售的通知》的通知,保监发〔2015〕100号,nfra,完整,无显式立法依据,,条级引用0条/文件级引用1条/自身条款0条/最高层级依据无显式依据,S1人员/中介
RFN-eaba3583544d0cff,T1销售行为与消费者保护,中国保监会办公厅关于贯彻实施《中国保险业信用体系建设规划（2015-2020年）》的通知,保监厅发〔2015〕19号,nfra,完整,中国保险业信用体系建设规划（2015－2020年）(其他); 规划(规范性文件),,条级引用0条/文件级引用3条/自身条款0条/最高层级依据其他,S1人员/中介
RFN-f1d2465f3a63ec8c,T1销售行为与消费者保护,中国保监会关于禁止强制销售保险的紧急通知,保监消保〔2013〕634号,nfra,完整,无显式立法依据,,条级引用0条/文件级引用1条/自身条款0条/最高层级依据无显式依据,S1人员/中介
RFN-3757cab1bacff89d,T1销售行为与消费者保护,关于支持汽车企业代理保险业务专业化经营有关事项的通知,保监发〔2012〕82号,nfra,完整,无显式立法依据,,条级引用0条/文件级引用4条/自身条款0条/最高层级依据无显式依据,S1人员/中介
RFN-60747fe55af9f278,T1销售行为与消费者保护,关于贯彻依法经营依法监管原则切实维护投保人和被保险人权益的通知（已废止）,保监中介〔2012〕811号,nfra,完整,无显式立法依据,,条级引用0条/文件级引用0条/自身条款0条/最高层级依据无显式依据,S1人员/中介
RFN-e00894a2b33837ec,T1销售行为与消费者保护,关于印发《商业银行代理保险业务监管指引》的通知,保监发〔2011〕10号,nfra,完整,中华人民共和国保险法(法律); 保险法(法律); 保险许可证管理办法(部门规章),,条级引用0条/文件级引用10条/自身条款0条/最高层级依据法律,S1人员/中介
RFN-4f4747346d31e9d3,T1销售行为与消费者保护,中国银监会关于进一步加强商业银行代理保险业务合规销售与风险管理的通知,银监发[2010]90号,nfra,完整,中华人民共和国行政处罚法(法律),,条级引用0条/文件级引用4条/自身条款0条/最高层级依据法律,S1人员/中介
RFN-4b0ca1af5924a05a,T1销售行为与消费者保护,关于废止部分保险中介规范性文件的通知,保监发〔2009〕128号,nfra,完整,立法法(法律),,条级引用0条/文件级引用3条/自身条款0条/最高层级依据法律,S1人员/中介
RFN-935ddd95dd623e33,T1销售行为与消费者保护,保险公估机构监管规定,保监会令〔2001〕3号,nfra,完整,中华人民共和国保险法(法律); 中华人民共和国公司法(法律); 保险许可证管理办法(部门规章),公司法第一百四十七条,条级引用1条/文件级引用7条/自身条款3条/最高层级依据法律,S1人员/中介
RFN-6299b41ed313d187,T1销售行为与消费者保护,保险经纪机构监管规定,保监会令〔2004〕15号,nfra,完整,中华人民共和国保险法(法律); 保险法(法律); 公司法(法律); 保险许可证管理办法(部门规章),公司法第一百四十七条,条级引用1条/文件级引用7条/自身条款6条/最高层级依据法律,S1人员/中介
RFN-213ec1fa3be1cc65,T1销售行为与消费者保护,保险专业代理机构监管规定,保监会令〔2004〕14号,nfra,完整,中华人民共和国保险法(法律); 保险法(法律); 公司法(法律); 保险许可证管理办法(部门规章),公司法第一百四十七条; 保险法第一百六十六条,条级引用2条/文件级引用7条/自身条款6条/最高层级依据法律,S1人员/中介
RFN-0e6c350ab17d6826,T1销售行为与消费者保护,关于加强保险中介从业人员继续教育管理工作的通知（已废止）,保监发〔2009〕70号,nfra,完整,无显式立法依据,,条级引用0条/文件级引用1条/自身条款0条/最高层级依据无显式依据,S1人员/中介
RFN-d6174ff6a464bc23,T1销售行为与消费者保护,关于做好新《保险法》宣传工作的通知（已失效）,保监厅发〔2009〕31号,nfra,完整,保险法(法律),,条级引用0条/文件级引用4条/自身条款0条/最高层级依据法律,S1人员/中介
RFN-dfa1f1cbb084b933,T1销售行为与消费者保护,关于做好2009年保险消费者教育工作的通知（已失效）,保监厅发〔2009〕30号,nfra,完整,关于印发<加强保险消费者教育工作方案>的通知(规范性文件); 加强保险消费者教育工作方案(规范性文件),,条级引用0条/文件级引用2条/自身条款0条/最高层级依据规范性文件,S1人员/中介
RFN-0cf994eb737e99e3,T1销售行为与消费者保护,关于印发《加强保险消费者教育工作方案》的通知,保监发〔2008〕118号,nfra,完整,无显式立法依据,,条级引用0条/文件级引用1条/自身条款0条/最高层级依据无显式依据,S1人员/中介
RFN-9f0d85aa746cbe1d,T1销售行为与消费者保护,关于实施农村保险营销员资格授予制度有关问题的通知（已废止）,保监发〔2006〕40号,nfra,完整,无显式立法依据,,条级引用0条/文件级引用3条/自身条款0条/最高层级依据无显式依据,S1人员/中介
RFN-cd079bdcc667f2ad,T1销售行为与消费者保护,关于进一步做好突发事件的保险新闻宣传工作的通知,保监厅发〔2005〕104号,nfra,完整,无显式立法依据,,条级引用0条/文件级引用0条/自身条款0条/最高层级依据无显式依据,S1人员/中介
RFN-618dc2b29e8a780c,T1销售行为与消费者保护,保险经纪机构管理规定（已废止）,保监会令[2001]5号,nfra,完整,中华人民共和国保险法(法律); 保险法(法律),资格证书第五十三条,条级引用1条/文件级引用12条/自身条款4条/最高层级依据法律,S1人员/中介
RFN-73a271f381feb48f,T1销售行为与消费者保护,关于加强航空意外保险规范管理的补充通知（已废止）,保监发〔2003〕23号,nfra,完整,无显式立法依据,,条级引用0条/文件级引用1条/自身条款0条/最高层级依据无显式依据,S1人员/中介
RFN-832642ca77d43ed9,T1销售行为与消费者保护,关于印发《保险业对外宣传管理暂行规定》的通知（已废止）,保监发[1999]18号,nfra,完整,中华人民共和国保守国家秘密法(法律),,条级引用0条/文件级引用3条/自身条款0条/最高层级依据法律,S1人员/中介
RFN-0b67e315153d21ba,T1销售行为与消费者保护,关于启用保险代理从业人员基本资格证书和展业证书的通知（已失效）,保监发〔2001〕135号,nfra,完整,无显式立法依据,,条级引用0条/文件级引用0条/自身条款0条/最高层级依据无显式依据,S1人员/中介
RFN-ab5d72dded585bfd,T1销售行为与消费者保护,关于进一步落实保险营销员持证上岗制度的通知（已失效）,保监发〔2004〕49号,nfra,完整,保险法(法律),保险法第149条; 保险法第150条,条级引用2条/文件级引用6条/自身条款0条/最高层级依据法律,S1人员/中介
RFN-5411f7dff8556566,T1销售行为与消费者保护,关于保险公司员工投资保险中介机构问题的批复,保监中介〔2004〕53号,nfra,摘要,公司法(法律),,条级引用0条/文件级引用3条/自身条款0条/最高层级依据法律,S1人员/中介
RFN-fd82d44341772467,T1销售行为与消费者保护,关于严禁保险公司采取违规手段参与政府采购保险竞标的紧急通知（已废止）,保监发[1999]48号,nfra,完整,无显式立法依据,,条级引用0条/文件级引用0条/自身条款0条/最高层级依据无显式依据,S1人员/中介
RFN-4a9205f71876954e,T1销售行为与消费者保护,关于印发《保险中介从业人员继续教育暂行办法》的通知,保监发〔2005〕41号,nfra,完整,中华人民共和国保险法(法律),,条级引用0条/文件级引用6条/自身条款0条/最高层级依据法律,S1人员/中介
RFN-cffcb1587680188c,T1销售行为与消费者保护,关于开展保险合同纠纷处理机制试点工作的通知,保监厅发〔2005〕53号,nfra,完整,无显式立法依据,,条级引用0条/文件级引用0条/自身条款0条/最高层级依据无显式依据,S1人员/中介
RFN-5b880a50f3d380a3,T1销售行为与消费者保护,中国银行业监督管理委员会关于香港和澳门银行内地分行从事代理保险业务的公告,N/A,nfra,完整,无显式立法依据,,条级引用0条/文件级引用2条/自身条款0条/最高层级依据无显式依据,S1人员/中介
RFN-85c3f92ede073430,T1销售行为与消费者保护,中国人民银行办公厅 保监会办公厅关于投保人与被保险人、受益人关系确认有关事项的通知(银办发〔2016〕270号),〔2016〕270号,pbc,摘要,无显式立法依据,,条级引用0条/文件级引用0条/自身条款0条/最高层级依据无显式依据,S3银邮渠道
